id,Sweet,Sour,Texture,Sparkling,Localisation-kr,lat,lng,pourcent,Ingredients,Description,link,Fruit/vegetable,Nuts,name_kr,name,Ingredients_kr,description_kr,Localisation,image,region,region_kr,status
1,0,0,0,0,광화문 (서울),37.5722910442,126.972874442,N/A,Rice,N/A,N/A,No,No,Gwanghwamun makgeolli,Gwanghwamun makgeolli,쌀,N/A,gwanhwamun (Seoul),https://res.cloudinary.com/dhwup3tvm/image/upload/v1739478883/MakgeolliGuru/image_bottle/mw7yk8ms4anrgobvdfgf.png,Seoul,서울특별시,N/A
2,1,5,3,2,느린마을 (강남/ 양조장/ 건국대/ 홍대/ 연남/ 대구),37.5084309,127.0816477,6%,Rice/ Yeast,"Brewing at the restaurant during 1 day,",http://www.slowbrewpub.com/,No,No,Spring makgeolli,Spring makgeolli,쌀/효모,1일 동안 식당에서 숙성,Neurin Maeul (Gangnam/ yangjojang/ konkguk univ./ hongdae/ yeonnam / Daegu),https://res.cloudinary.com/dhwup3tvm/image/upload/v1742830574/274915006_1361299807633233_2425759626131837285_n_uxzynh.png,Seoul,서울특별시,N/A
3,1,3,3,4,느린마을 (강남/ 양조장/ 건국대/ 홍대/ 연남/ 대구),37.5452836,127.1045323,6%,Rice/ Yeast,"Brewing at the restaurant during 4 days,",http://www.slowbrewpub.com/,No,No,Summer makgeolli,Summer makgeolli,쌀/효모,4일 동안 식당에서 숙성,Neurin Maeul (Gangnam/ yangjojang/ konkguk univ./ hongdae/ yeonnam / Daegu),https://res.cloudinary.com/dhwup3tvm/image/upload/v1742829403/340848876_3343078202650353_5372180826072404891_n_pwuaki_gqfikt.png,Seoul,서울특별시,N/A
4,3,2,3,5,느린마을 (강남/ 양조장/ 건국대/ 홍대/ 연남/ 대구),37.5550706,126.9238249,6%,Rice/ Yeast,"Brewing at the restaurant during 7 days,",http://www.slowbrewpub.com/,No,No,Autumn makgeolli,Autumn makgeolli,쌀/효모,7일 동안 식당에서 숙성,Neurin Maeul (Gangnam/ yangjojang/ konkguk univ./ hongdae/ yeonnam / Daegu),https://res.cloudinary.com/dhwup3tvm/image/upload/v1742829402/271383155_228656356099917_8060124499584044185_n_iqjw3m_mqnjse.png,Seoul,서울특별시,N/A
5,3,1,3,4,느린마을 (강남/ 양조장/ 건국대/ 홍대/ 연남/ 대구),37.55438,126.90926,6%,Rice/ Yeast,Brewing at the restaurant during 10 days.,http://www.slowbrewpub.com/,No,No,Winter makgeolli,Winter makgeolli,쌀/효모,10일 동안 식당에서 숙성,Neurin Maeul (Gangnam/ yangjojang/ konkguk univ./ hongdae/ yeonnam / Daegu),https://res.cloudinary.com/dhwup3tvm/image/upload/v1742830568/297880968_142886308426887_1767825558113121160_n_fi6ysa.png,Seoul,서울특별시,N/A
6,2,4,4,4,제주도,33.3939924,126.5626653,6%,Rice/ Mandarin,"Representative makgeolli from Jeju. Due to packaging, it is called Pink Makgeolli. Not sweet, with a strong sour taste. It pairs well with seafood.",jejumakgeolli.com,Yes,No,제주 쌀막걸리,Jeju salmakgeolli,쌀/만다린,제주지역의 대표 막걸리. 포장 탓에 핑크막걸리로 불린다. 달지않고 신맛이 강하다. 탁하지 않은 풍미로 해산물과 잘 어울린다,jeju island ,N/A,Jeju,제주특별자치도,N/A
7,3,3,4,3,우도,33.5072572,126.9550015,6%,Rice/ peanut /hallabong,N/A,N/A,Yes,Yes,Udo makgeolli,Udo makgeolli,쌀/호두/한라봉,N/A,udo island,https://res.cloudinary.com/dhwup3tvm/image/upload/t_removebackCrop/v1742830579/479499611_18013237151686379_2512884399592326907_n_evwf7p.png,Jeju,제주특별자치도,N/A
8,4,3,2,2,우포의아침,35.5428,128.45398,6%,Rice,Clean aroma and smooth finish.,N/A,No,No,우포생막걸리,Ufo saengmakgeolli,쌀,향이 깔끔하고 목넘김이 좋다,Upo Morning Brewery,N/A,Gyeongsangbuk-do,경상북도,N/A
9,1,5,5,4,금정산성토산주,35.25863,129.0901,8%,Rice,"Designated as Traditional Liquor No. 1, with an exceptionally robust body. Recommended to age for 2–3 days or more.",https://sanmak.kr/,No,No,금정산성막걸리,Geumjungsanseong makgeolli,쌀,전통주 지정 1호. 묵직한 바디감이 일품. 2~3일 이상 숙성 추천,Geumjeong Fortress Traditional Liquor,N/A,Busan,부산광역시,N/A
10,2,3,1,2,부산합동양조,35.1799528,129.0752365,6%,Rice,"Representative makgeolli of Busan/Gyeongnam, enjoyable for its sparkling freshness, can be consumed lightly.",N/A,No,No,부산 생탁,Busan saengtak,쌀,부산/경남의 대표막걸리. 탄산의 청량감이 좋아 가볍게 즐길 수 있다,Busan Cooperative Brewery,https://res.cloudinary.com/dhwup3tvm/image/upload/v1742829402/296636743_1259415101522255_7588482385322425403_n_pe4sup_bqjigj.png,Busan,부산광역시,N/A
11,3,1,1,1,영덕주조,36.4149,129.3659,6%,Rice/ turmeric,"Unique aroma of turmeric that tingles in the mouth, leaving a long-lasting aftertaste even after drinking.",N/A,No,No,울금 정 막걸리,Ulgeum jeong makgeolli,쌀/울금,입안에 맵도는 울금 특유의 울고 향. 마시고 난 후에도 오랫동안 여운을 준다,Yeongdeok Brewery,N/A,Gyeongsangbuk-do,경상북도,N/A
12,2,2,2,2,대구탁주합동,35.8713,128.6018,6%,Rice,"Representative makgeolli of Daegu, rich in yeast and characterized by its unique savory taste.",N/A,No,No,대구 불로 막걸리,Daegu bullo makgeolli,쌀,대구지역의 대표막걸리. 효모가 풍부하게 살아있고 특유의 감칠맛이 특징.,Daegu Takju Cooperative,N/A,Daegu,대구광역시,N/A
13,3,1,4,1,칠곡양조장,35.995,128.4017,6%,Rice,"With a 140-year tradition, its first sip has a banana flavor, hence the name Banana Makgeolli. Famous for appearing on 1 Night 2 Days.",N/A,No,No,칠곡 막걸리,Chilgok makgeolli,쌀,140년 전통. 첫 모금이 바나나향이 나서 바나나막걸리로 불린다. 1박2일 출연으로 유명해 졌다,Chilgok Brewery,N/A,Daegu,대구광역시,N/A
14,4,3,4,1,은척양조장,36.4104478,128.1590614,5%,Rice/ Wheat,"Unique bitterness from wheat flour, makes you crave food after drinking. Goes well with green onion pancakes.",N/A,No,No,은자골 탁배기,Eunja gol takbaegi,쌀/밀,원료인 밀가루에서 나오는 특유의 쓴맛. 먹고난 뒤 음식을 부른다. 파전과 잘 어울린다,Euncheok Brewery,https://res.cloudinary.com/dhwup3tvm/image/upload/v1742829403/455706694_2387218954807089_5338081682499632743_n_pxhwz3_l8mfmk.png,Gyeongsangbuk-do,경상북도,N/A
15,2,2,3,1,비아쌀막걸리,35.1594647,126.8515034,6%,Rice,"Excellent savory taste and freshness, typical of traditional cloudy rice wine.",N/A,No,No,비아 쌀막걸리,Bia salmakgeolli,쌀,전통 탁주에서 느껴지는 감칠맛과 청량감이 뛰어남,Bia Rice Makgeolli,https://res.cloudinary.com/dhwup3tvm/image/upload/v1739478886/MakgeolliGuru/image_bottle/cefdoomqrefumaqpazlw.png,Gwangju,광주광역시,N/A
16,3,4,5,1,여수주조공사,34.7546257,127.659859,6%,Rice/ Wheat,"Representative makgeolli of Yeosu, with a balanced taste where no single flavor overpowers the others. Fresh and charming.",N/A,No,No,여수 생막걸리,Yeosu saengmakgeolli,쌀/밀,여수 대표 막걸리. 단맛/신맛 등이 어느 하나 튀지않는 맛. 상큼한 매력,Yeosu Brewing Company,N/A,Jeollanam-do,전라남도,N/A
17,4,2,3,0,삼산주조,34.5039172,126.594509,6도9도12도,Rice/ Glutinous rice,"A naturally fermented makgeolli made with domestically grown glutinous rice and non-glutinous rice, without synthetic sweeteners, offering a well-balanced harmony of sweetness and acidity with a smooth and rich body.",https://samsanjujo.co.kr/,No,No,해남삼산막걸리,Haenam Samsan makgeolli,쌀/찹쌀,합성감미료 없이 국내산 찹쌀과 맵쌀을 사용해 단맛과 산미의 조화가 균형적이고 바디감 또한 부드럽고 녹진한 생막걸리,Samsanjujo,https://res.cloudinary.com/dhwup3tvm/image/upload/v1743616467/haenam_ii4ua4.png,Jeollanam-do,전라남도,N/A
18,1,3,2,4,광주 무등산 막걸리,35.201796,126.8768088,6%,Rice,"Representative Makgeolli of Gwangju, Jeollanam-do. It has a good savory taste and a refreshing feel, featuring the characteristic smoothness of fresh makgeolli.",N/A,No,No,광주 무등산 막걸리,Gwangju mudungsan makgeolli,쌀,전남 광주의 대표 막걸리. 감칠맛과 청량감이 좋다. 생막걸리 특유의 부드러움.,Gwangju Mudeungsan Makgeolli,https://res.cloudinary.com/dhwup3tvm/image/upload/v1742829404/257971261_616604706187262_917545937580626781_n_mew9fc_o4th3f.png,Gwangju,광주광역시,N/A
19,3,2,3,1,눈부신자연애,35.86424,127.244,6%,Rice,"Representative makgeolli of Jeonju Makgeolli Alley. It is not stuffy, and it has a smooth finish when drunk. The harmony of sourness, sweetness, and carbonation is well-balanced.",N/A,No,No,천둥소리 생막걸리,Cheondongso ri saengmakgeolli,쌀,전주 막걸리골목의 대표 막걸리 텁텁하지않고 목넘김이 부드럽다. 신맛/단맛/탄산의 조화가 좋다,Shining Nature Brewery,N/A,Jeollabuk-do,전라북도,N/A
20,4,1,5,1,죽향도가,34.8159,126.4629,6%,Organic rice/ Honey,"Makgeolli made from organic, non-pesticide rice. It has a clean aftertaste without forced sweetness.",N/A,No,No,대대포 생막걸리,Daedaepo saengmakgeolli,유기농쌀/벌꿀,유기농/무농약쌀로 빚은 막걸리. 억지스러운 단맛없이 깔끔한 뒷맛,Jukhyang Brewery,https://res.cloudinary.com/dhwup3tvm/image/upload/v1739478889/MakgeolliGuru/image_bottle/lnxajl5wuoxsvxjyosso.png,Jeollanam-do,전라남도,N/A
21,2,1,3,1,태인합동주조,35.5697678,126.8559787,6%,Rice,It has a low sweetness and a refreshing taste of authentic makgeolli because it does not contain artificial sweeteners. It has a solid body.,N/A,No,No,송명섭 막걸리,Songmyeongseob makgeolli,쌀,합성감미료가 들어있지 않아 단맛이 적고 시금털털한 막걸리 본연의 맛.바디감이 묵직하다,Taein Cooperative Brewery,https://res.cloudinary.com/dhwup3tvm/image/upload/v1742829402/261103959_942873016631369_6367203898991858008_n_tvur6g_kq94kc.png,Jeollabuk-do,전라북도,N/A
22,3,2,2,2,전주주조,35.8237631,127.1472805,5.5,Rice,Makgeolli loved in the Jeonju area. It has a clean and smooth taste.,N/A,No,No,전주 생막걸리,Jeonju saengmakgeolli,쌀,전주지역에서 사랑받는 막걸리. 맛이 깔끔하고 부드럽다,Jeonju Brewery,N/A,Jeollabuk-do,전라북도,N/A
23,3,2,3,2,산에들에,35.6755,127.10961,6%,Rice,"Light and clean taste of rice makgeolli. It has a prominent but subtly perceived sourness, which is pleasant.",N/A,No,No,천지주가 생막걸리,Cheonji jukga saengmakgeolli,쌀,쌀 막걸리의 가볍고 깔끔한 맛이 나며/ 단맛이 두드러지고 약하게 느껴지는 산미가 좋은 막걸리,San & Deul Brewery,https://res.cloudinary.com/dhwup3tvm/image/upload/v1739478886/MakgeolliGuru/image_bottle/gvlnf8xo4ehii6talkbq.png,Jeollabuk-do,전라북도,N/A
24,3,2,3,2,양촌양조,37.45646,126.70515,6%,Rice/ Wheat,"It has a subtle apple scent, a smooth finish, and an endless savory taste.",N/A,No,No,양촌 생막걸리,Yangchon saengmakgeolli,쌀/밀,은은한 사과향이 나며 부드러운 목넘김과 뒤끝없는 감칠맛,Yangchon Brewery,N/A,Incheon,인천광역시,N/A
25,3,2,3,4,대전주조,36.29797,127.45291,8%,Rice/ Wheat flour,"Representative makgeolli of Daejeon. It has good refreshment, a deep taste, and a smooth body.",N/A,No,No,원생막걸리,Wonsaengmakgeolli,쌀/밀가루,대전의 대표 막걸리. 청량감이 좋고/ 구수한 맛이나며 걸쭉한 바디감이 느껴진다,Daejeon Brewery,https://eth2.pcloud.com/tLZqbFOXwZJ2iFZUbljZZ1U8CXkZLz5ZJZ7ZUXZUXZm5ZqpZMpZKczCoOybvgRowuJCdsLKXSetXLAk,Daejeon,대전광역시,N/A
26,3,1,2,1,사곡양조원,36.5359891,127.0324459,6%,Rice/ Wheat flour/ Chestnut,It has a subtle nutty scent and the unique tangy taste of makgeolli. Even those who are not accustomed to drinking makgeolli can enjoy it comfortably.,N/A,No,Yes,공주알밤막걸리,Gongju albam makgeolli,쌀/밀가루/밤,밤향이 그윽하면서도 막걸리 특유의 새콤한맛. 막걸리 잘 못마시는 사람도 친근하게 마실수 있다.,Sagok Brewing Garden,https://eth2.pcloud.com/tLZKjcxXwZTz3ZUbljZZPI4CXkZLz5ZJZ7ZUXZUXZa5Zw0Z6JZfzAlULocqPm7XMGQ9EmpKz3zBzQy,Chungcheongbuk-do,충청북도,N/A
27,3,2,3,3,신평양조,36.91667,126.66667,6%,Rice/ Lotus leaf,A subtle scent of lotus leaf that is not strong but noticeable. The harmony of sourness and sweetness is well-balanced.,N/A,Yes,No,백련 생막걸리,Baekryeon saengmakgeolli,쌀/백련잎,강하지는 않지만 은근히 느껴지는 연잎향.산미 감미의 조화가 좋다,Sinpyeong Brewery,N/A,Chungcheongnam-do,충청남도,N/A
28,3,4,3,4,진천덕산양조(주),36.89585,127.50616,6%,Wheat,"Representative makgeolli of Jincheon, Chungcheongbuk-do. It has a clean taste and smooth finish. It appeared in Sikgaek by Yeongman Heo.",N/A,No,No,덕산막걸리,Deoksanmakgeolli,밀,충북 진천 지역의 대표 막걸리. 맛이 깔끔하고 목넘김이 부드럽다. 허영만화백의 식객에 등장하는 막걸리,"Jincheon Deoksan Brewery Co., Ltd.",https://res.cloudinary.com/dhwup3tvm/image/upload/v1742830568/285481523_429219885787373_7231950901098272519_n_ov6qhn.png,Chungcheongbuk-do,충청북도,N/A
29,3,4,3,2,군북양조장,36.35374,127.56275,6%,Wheat,"Traditional makgeolli from Okcheon, Chungcheongbuk-do. The harmony of sweetness and sourness is well-balanced, making it enjoyable for most palates.",N/A,No,No,증약 생막걸리,Jeungyak saengmakgeolli,밀,충북 옥천 지역의 전통있는 막걸리. 단맛과 신맛의 조화가 좋아 호불호가 거의 없는 막걸리,Gunbuk Brewery,N/A,Daejeon,대전광역시,N/A
30,3,3,2,3,대강양조장,36.86494,128.37943,6%,Rice/ Wheat,"A combination of the refreshing taste of rice and the rich taste of wheat, blended in the golden ratio. It was regularly ordered by President Roh Moo-hyun at the Blue House.",N/A,No,No,대강막걸리,Daegang makgeolli,쌀/밀,쌀과 밀의 황금비율로 쌀의 산뜻한 맛과 밀의 구수한 맛의 결합. 노무현대통령이 청와대에서 정기적으로 주문하던 막걸리,Daegang Brewery,N/A,Gyeongsangbuk-do,경상북도,N/A
31,2,4,2,2,주문진탁주합동,37.3411583,127.9598986,6%,Rice,You can feel the sweet and savory flavor of rice while drinking it. It has a good finish.,N/A,No,No,주문진 쌀 동동주,Jumunjin sal dongdongju,쌀,달달하면서 고소한 쌀의 풍미를 느낄 수 있다. 목넘김이 좋다,Jumunjin Takju Cooperative,https://res.cloudinary.com/dhwup3tvm/image/upload/v1739478882/MakgeolliGuru/image_bottle/kih1c1zpttbm8nsgjoeu.png,Gyeonggi-do,경기도,N/A
32,4,2,3,4,원주탁주합동,37.3420996,127.9197603,7%,Rice/ Wheat flour,"It boasts a clean taste without being too sweet or bitter, staying true to the original taste of makgeolli.",N/A,No,No,치악산 생막걸리,Chiaksan saengmakgeolli,쌀/밀가루,막걸리 본연의 맛에 충실하여 달거나 쓰지않고 깔끔한 맛을 자랑한다,Wonju Takju Cooperative,https://res.cloudinary.com/dhwup3tvm/image/upload/v1739478881/MakgeolliGuru/image_bottle/aiumoj7bo0cnhfnyy0rf.png,Gyeonggi-do,경기도,N/A
33,2,3,2,3,고성탁주,37.885,127.7297,7%,Rice/ Wheat flour,"It has a good color and scent, with the sweetness well blended.",N/A,No,No,설악 쌀막걸리,Seorak salmakgeolli,쌀/밀가루,색과 향이 좋고 단맛이 잘 배어있다,Goseong Takju Brewery,https://res.cloudinary.com/dhwup3tvm/image/upload/v1739478885/MakgeolliGuru/image_bottle/hcy3qnqva6gm0mniv7je.png,Gangwon-do,강원도,N/A
34,4,4,3,2,양양민속도가,38.12664,128.5605,8%,Rice,The subtle scent of pine mushrooms is present in the rich taste of dongdongju.,N/A,No,No,양양 송이동동주,Yangyang songidongdongju,쌀,구수한 동동주 맛에 송이향이 은근히 느껴진다,Yangyang Folk Brewery,N/A,Gangwon-do,강원도,N/A
35,3,1,3,3,낙천주류,37.5245142,129.1146302,5%,Rice,"It has a fragrant aroma and a clean finish, making the drinking experience smooth.",N/A,No,No,지장수 생막걸리,Jijangsu saengmakgeolli,쌀,향기롭고 뒷맛이 깔끔하여 목넘김이 부드럽니다,Nakcheon Liquor,https://res.cloudinary.com/dhwup3tvm/image/upload/v1742829402/269466780_2711834742457148_9112703021307013651_n_athetg_q8hzeo.png,Gangwon-do,강원도,N/A
36,1,4,2,3,한스팜,37.62716,128.44488,6%,Rice/ Wheat/ Buckwheat,"Makgeolli containing buckwheat, a specialty of Pyeongchang. The scent of buckwheat subtly rises.",N/A,No,No,평창 봉평 메밀막걸리,Pyeongchang bongpyeong memilmakgeolli,쌀/밀/메밀,평창의 특산물 메밀이 함유된 막걸리.메밀향이 은근하게 올라온다,Hans Farm,https://res.cloudinary.com/dhwup3tvm/image/upload/v1739478884/MakgeolliGuru/image_bottle/cun2sohqaboobdh0oqgh.png,Gangwon-do,강원도,N/A
37,3,3,1,3,(주)화천주가,38.1063,127.708,6%,Rice,"It has an apple scent, and the sourness and sweetness are harmonious. It is a smooth makgeolli to drink.",N/A,No,No,화천 산천어 생막걸리,Hwacheon sancheoneo saengmakgeolli,쌀,사과향이 나고 신맛과 단맛이 조화롭다. 목넘김이 부드러운 막걸리,"Hwacheon Brewery Co., Ltd.",https://res.cloudinary.com/dhwup3tvm/image/upload/v1739478884/MakgeolliGuru/image_bottle/jfbezqikblxae7csf1tn.png,Gangwon-do,강원도,N/A
38,5,5,3,3,고양탁주,37.6600889,126.8268991,6%,Rice/ Glutinous rice,Liquor brought to Pyongyang during the inter-Korean summit. It has less sourness and a rich taste. It is a makgeolli that can be enjoyed cool.,N/A,No,No,배다리 막걸리,Baedarimakgeolli,쌀/팽화미,남북정상회담 때 평양에 간 술. 신맛이 덜하고 감칠맛이 난다. 시원하게 마실 수 있는 막걸리,Goyang Takju Brewery,https://res.cloudinary.com/dhwup3tvm/image/upload/v1739478885/MakgeolliGuru/image_bottle/zhqhycmyeayhylq73nmq.png,Gyeonggi-do,경기도,N/A
39,4,2,3,5,배혜정도가,37.1603631,126.9713854,6%,Rice,Smooth acorn flavor and moderate sourness. It has smooth carbonation for a good finish.,N/A,No,No,화성 호랑이 생막걸리,Hwaseong horangi saengmakgeolli,쌀,부드러운 닷맛과 적당한 산미. 부드러운 탄산으로 목넘김이 좋다,Bae Hyejeong Brewery,N/A,Gyeonggi-do,경기도,N/A
40,3,2,3,2,지평주조,37.4916,127.4875,5%,Rice/ Wheat,The flavors of rice and yeast are well balanced. It has a smooth and clean taste.,N/A,No,No,양평 지평 생막걸리,Yangpyeong jipyeong saengmakgeolli,쌀/밀,쌀과 누룩의 풍미가 적당히 잘 잡혀있다.목넘김이 부드럽고 깔끔한 맛,Jipyeong Brewery,N/A,Gyeonggi-do,경기도,N/A
41,2,1,3,3,주)우리술,37.83101,127.51059,6%,Rice/ Pine nuts,"Selected as the official banquet makgeolli of the Blue House. It is smooth and clean, recommended to be shaken before drinking.",https://woorisool.kr/,No,Yes,가평 잣생막걸리,Gapyeong jatsaengmakgeolli,쌀/잣,청와대 공식만찬주로 선정 맛이 부드럽고 깔끔 흔들어 먹기를 추천,"Woori Sul Co., Ltd.",https://res.cloudinary.com/dhwup3tvm/image/upload/v1742830574/272882858_484307846404296_10379714776018777_n_tnd1wb.png,Gyeonggi-do,경기도,N/A
42,1,5,3,3,인천탁주,37.5217893,126.7076232,6%,Rice/ Glutinous rice,"Representative makgeolli of Incheon. It has a refreshing coolness with smooth and fizzy carbonation, and its unique savory taste is charming.",https://sosungju.modoo.at/,No,No,인천 생소성주,Incheon saengsoseongju,쌀/팽화미,인천지역 대표막걸리. 부드럽고 톡쏘는 탄산의 상쾌한 청량감이 느껴지며/ 특유의 감칠맛이 매력적이다.,Incheon Takju Brewery,https://res.cloudinary.com/dhwup3tvm/image/upload/v1739478884/MakgeolliGuru/image_bottle/lhxg3gx6rnhy1vnmdm5q.png,Incheon,인천광역시,N/A
43,3,2,3,3,서울탁주,37.5563945,126.9003339,6%,Rice 90%,Representative makgeolli of Seoul. It has a good savory taste and a refreshing feel.,http://www.koreawine.co.kr/,No,No,서울 장수 생막걸리,Seoul jangsu saengmakgeolli,쌀90%,서울지역 대표막걸리. 감칠맛과 청량감이 좋다,Seoul Takju Brewery,https://res.cloudinary.com/dhwup3tvm/image/upload/v1739478883/MakgeolliGuru/image_bottle/s5limgfrt4momxuxybyb.png,Seoul,서울특별시,N/A
44,2,4,3,1,탁주배금도가(경북 김천),36.5754,128.5058,12%,Glutinous rice/ Glutinous rice/ Yeast,"Chapssal makgeolli, filled with the flavor of Korea, driven by the allure of alcohol. Pairs well with sea squirts.",N/A,No,No,김천 배금도가,Gimcheon baegumdo ga,찹쌀/맵쌀/누룩,술이 주는 이끌림으로 한국의 풍미 가득 담은 찹쌀막걸리. good with 멍게,"Baegum Takju Brewery (Gimcheon, Gyeongbuk)",N/A,Gyeongsangbuk-do,경상북도,N/A
45,3,3,5,0,국순당,37.566,126.9784,14.5%,Rice,"Super thick and creamy, like yogurt.",http://www.ksdb.co.kr/,No,No,Ehwaju Makgeolli – 이화주,Ehwaju Makgeolli – ihwaju,쌀,요거트처럼 아주,Kooksoondang Brewery,https://res.cloudinary.com/dhwup3tvm/image/upload/v1742830568/298936037_508932564371231_3452378739138407648_n_w1srhi.png,Seoul,서울특별시,N/A
46,3,1,3,5,지평주조 - 양평,37.48972,127.49056,5%,Rice,N/A,https://grand.ggtour.or.kr/En/Grand/tour_view.php?tsort=20&msort=24&list_type=1&no=380&no2=380,No,No,지평생막걸리,Jipyeongsaengmakgeolli,쌀,N/A,Jipyeong brewery - yangpyeong,https://res.cloudinary.com/dhwup3tvm/image/upload/v1739478884/MakgeolliGuru/image_bottle/onmgieqxihaetfqvkkxb.png,Gyeonggi-do,경기도,N/A
47,5,1,3,3,서울 장수,36.97376,127.42299,5%,Rice/ Honey/ Nuts butter,N/A,N/A,No,Yes,HBAF Honey Butter Almond makgeolli,HBAF Honey Butter Almond makgeolli,쌀/꿀/견과 버터,N/A,Seoul jangsoo,N/A,Chungcheongbuk-do,충청북도,N/A
48,2,3,3,1,맵시 - 먹진 양조장,37.72975,126.63616,6%,Rice,N/A,https://mapcy.kr/,No,No,Mapcy original whitelabel,Mapcy original whitelabel,쌀,N/A,Mapcy - Meokjin brewery,https://res.cloudinary.com/dhwup3tvm/image/upload/v1739478884/MakgeolliGuru/image_bottle/phqgjcnhpn8gjsl2isz6.png,Gyeonggi-do,경기도,N/A
49,4,2,3,4,맵시 - 먹진 양조장,37.72976,126.63617,5%,Rice/ Vanilla,N/A,https://mapcy.kr/,Yes,No,Mapcy vanilla red label,Mapcy vanilla red label,쌀/바닐라,N/A,Mapcy - Meokjin brewery,https://res.cloudinary.com/dhwup3tvm/image/upload/v1739478884/MakgeolliGuru/image_bottle/phqgjcnhpn8gjsl2isz6.png,Gyeonggi-do,경기도,N/A
50,2,3,3,3,포천탁주양조장,37.89243,127.28825,6%,Rice,N/A,https://www.soolsool.co.kr/,No,No,포천일동막갈리 1932,Pocheoneildongmakgalri 1932,쌀,N/A,Pocheon takju Brewery,https://res.cloudinary.com/dhwup3tvm/image/upload/v1739478885/MakgeolliGuru/image_bottle/d8vdbqqx8vf6ky18vk6j.png,Gangwon-do,강원도,N/A
51,3,2,1,4,서울,37.5666791,126.9782914,5%,Rice,N/A,N/A,No,No,장수 생막걸리,Jangsu saengmakgeolli,쌀,N/A,Seoul,N/A,Seoul,서울특별시,N/A
52,3,2,1,0,담양,35.320878,126.9883238,6%,Rice,"The taste of tradition, reminiscent of the dew brushed by the leaves!",http://jhdg.co.kr,No,No,죽향도가,Jukhyangdoga,쌀,댓잎을 스치는바람 이슬 닮은 전통의 맛!,Damyang,https://eth4.pcloud.com/tLZqjcxXwZbQTZUbljZZ4V8CXkZLz5ZJZ7ZUXZUXZ6VZAXZDLZbuz45hw0YWHilPHbERsOKJGOtL07,Jeollanam-do,전라남도,N/A
53,3,2,2,1,여수 - 개도,34.6398737,126.013011,6%,Rice,N/A,N/A,No,No,개도 막걸리,Gaedo makgeolli,쌀,N/A,Yeosu - Gaedo,https://res.cloudinary.com/dhwup3tvm/image/upload/v1739478882/MakgeolliGuru/image_bottle/kih1c1zpttbm8nsgjoeu.png,Jeollanam-do,전라남도,N/A
54,2,3,3,0,여수,34.7546257,127.659859,6%,Rice,The taste of 100 years of tradition.,yeosuwine.co.kr,No,No,니가있어 설레었던 여수밤바다,Neigaiss-eo seolleeossdeon yeosubam bada,쌀,100년 전통의 맛,Yeosu,https://res.cloudinary.com/dhwup3tvm/image/upload/v1739478885/MakgeolliGuru/image_bottle/rndorg98detn9yhjsza8.png,Jeollanam-do,전라남,N/A
55,3,2,2,1,여수 - 금오도,34.75,127.659859,6%,Rice,N/A,N/A,No,No,금오도방풍막걸리,Geumodobangpung makgeolli,쌀,N/A,Yeosu - Geumodo,https://res.cloudinary.com/dhwup3tvm/image/upload/v1739478890/MakgeolliGuru/image_bottle/nqu7qvrhebfszss7nroa.png,Jeollanam-do,전라남도,N/A
56,4,3,1,1,강원도,37.885,127.72,5.8%,Rice,Rice makgeolli brewed with three fermentations for a smooth flavor.,N/A,No,No,국순당 쌀막걸리,Guksundang salmakgeolli,쌀,세 번의 발효로 부드러운 풍미를 더해 빚은 쌀막걸리,Gangwondo,https://res.cloudinary.com/dhwup3tvm/image/upload/v1739478888/MakgeolliGuru/image_bottle/pl8wtu4ok12whlovnfsa.png,Gyeonggi-do,경기도,N/A
57,2,5,2,5,울산,35.58897,129.056,6%,Rice,"The champagne of makgeolli, Boksoondoga is lively with a delicate effervescence.",https://www.boksoon.com/,No,No,Boksoondoga,Boksoondoga,쌀,막걸리의 샴페인입니다. 복순도가는 부드럽고 활기찬 탄산이 느껴집니다.,Ulsan,https://res.cloudinary.com/dhwup3tvm/image/upload/v1739478888/MakgeolliGuru/image_bottle/yydsy02ytnyjzcaa9c74.png,Busan,부산,N/A
58,3,2,3,0,경주,35.771143,129.3066428,6%,Rice (20% polished),"Made with 20% polished rice, it has a good aroma and is mild. A clean and refreshing makgeolli with good clarity.",N/A,No,No,경주법주 쌀 막걸리,Gyeongjubeopju sal makgeolli,쌀(20%도정),20% 도정한 쌀 사용. 향이 좋고 담백하다. 깨끗함과 청량감이 좋은 막걸리,Gyeongju,https://res.cloudinary.com/dhwup3tvm/image/upload/v1742829403/292693028_564297805328337_5489330902306674221_n_nigxyz_ssgump.png,Busan,부산,N/A
59,4,2,3,0,남양 - 경기,37.7507816,127.2259916,10%,Rice,A strong acidity that revitalizes the dulled palate.,N/A,No,No,봇플 막걸리,Botpeul makgeolli,쌀,떨어진 입맛 찾아주는 강렬한 산미,Namyang - Gyeonggi,N/A,Gyeonggi-do,경기도,N/A
60,2,4,1,4,남양 - 경기,37.6359398,127.2165051,5.5%,Rice,"Orange taste, premium makgeolli made with yeast improved for low-temperature storage and aging.",N/A,No,No,Yes/ The day,Yes/ The day,쌀,Orange taste. 저온 저장 숙성에 적합하게 개량된 효모로 빚은 프리미엄 막걸리,Namyang - Gyeonggi,https://res.cloudinary.com/dhwup3tvm/image/upload/v1739478885/MakgeolliGuru/image_bottle/odrdfxelihdj6l6c8lhi.png,Gyeonggi-do,경기도,N/A
61,2,3,1,0,라이스 그루브,37.6014276,126.9254106,12%,Rice/ Lime/ Lemon balm,"BANDIBULL, the first liquor from Rice Groove, fully captures the subtle sweetness of glutinous rice, the refreshing and lively acidity of lime, and the fragrant aroma of herbs in one bottle. A charming Korean liquor for those tired of their hard daily life! Enjoy it with BANDIBULL.",N/A,Yes,No,Bandibull 라임 & 레몬밤 프리미엄 막걸리,Bandibull lime & lemon bomb premium makgeolli,쌀/라임/레몬밤,라이스 그루브의 첫번째 술 BANDIBULL (반딧불)은 찹쌀의 은은한 단맛과 라임의 경쾌하고 산뜻한 산미 향긋한 허브의 향까지 술 한 병에 담아내 온전히 미각과 후각에 집중하게 만드는 매력적인 우리술입니다. 고된 일상에 지친 당신을 위한 향기로운 위로! 반딧불과 함께 즐겨보세요,Rice Groove,N/A,Incheon,인천,N/A
62,3,3,3,3,어떤하루 녹동양조장 ,34.52785,127.14974,8%,Rice/ Goheung Yuzu/ d-limonence,The prestigious house of yuja traditional liquor. Yuja makgeolli made by Anyo One Day.,https://smartstore.naver.com/eotteonharu/,Yes,No,고흥유자주,Goheung yujaju,쌀/고흥유자/d-리몬느,유자 전통주의 명가/ 어떤하루가 만든 유자막걸리,Nokdong Brewery (Goheun),N/A,Jeollanam-do,전라남도,N/A
63,4,2,3,1,어떤하루 녹동양조장 ,34.52785,127.14973,8%,Rice,"The essence of makgeolli! Drink it as it is, made from Goheung rice.",https://smartstore.naver.com/eotteonharu/,No,No,고흥쌀(米)막걸리,Goheungssal makgeolli,쌀,막걸리의 근본!! 고흥쌀 그대로를 마셔요. 해풍 맞고 자란 고흥 쌀로 빚은 술,Nokdong Brewery (Goheun),N/A,Jeollanam-do,전라남도,N/A
64,4,4,2,0,술담화,37.5004541,127.0249174,6%,Rice/ Yeast/ Fructo-oligosaccharide/ Lactic acid/ Yogurt type,"The sweet and sour taste is reminiscent of Yakult, and the subtle acidity is balanced with the freshness of lemon and apple. Maekkurut, with its pleasant sweetness, is recommended as a post-meal drink like Yakult, enjoyed as a dessert after a meal.",https://www.sooldamhwa.com/,No,No,막쿠르트,Makukuteu,쌀/효모/프락토올리고당/젖산/요구르트형,새콤달콤한 맛은 마치 야쿠르트를 연상시켜요 은은한 산미는 레몬의 상큼함과 사과의 산뜻함을 달기도 했죠. 게다가 쌀로 만든 술이라는 것을 잊지 않도록 구수함까지 갖추었답니다. 달콤한 맛 덕에 매운 음식과 특히 잘 어울리고 은은한 산미가 짭조름한 맛을 가볍게 잡아주기 때문에 치즈 안주와도 손색없이 잘 어울려요/ 기분 좋은 달콤함이 특징인 막쿠르트는 식사 후 디저트로 즐겼던 야쿠르트처럼 마무리 식후주로도 추천해 드려요,Sooldamhwa Brewery,N/A,Gyeonggi-do,경기도,N/A
65,4,5,4,0,온지술도가,37.6087306,126.929615,15%,Rice,The signature makgeolli of Onji Makgeolli  harmonizing the freshness of fruit and the scent of grains around the acidity.,https://smartstore.naver.com/onzisuldoga,No,No,프리미엄 수제막걸리 서막15,Premium sujemaekgeolli seomak15,쌀,산뜻한 과실향과 곡물향이 산미를 중심 으로 조화를 이루는 온지술도가의 시그니처 막걸리,Onji Sool Brewery,N/A,Incheon,인천,N/A
66,3,4,3,0,온지술도가,37.6087306,126.929616,12%,Rice,"While boasting citrus flavor and richness, it is lighter and more drinkable than Wonju makgeolli, the light version of Seocheon Makgeolli.",https://smartstore.naver.com/onzisuldoga,No,No,프리미엄 수제막걸리 서막12,Premium sujemaekgeolli seomak12,쌀,시트러스함과 감칠맛이 돋보이면서도/ 원주보다 가볍고 음용성이 좋은 서촌막걸리의 라이트 버전,Onji Sool Brewery,N/A,Incheon,인천,N/A
67,3,2,3,0,온지술도가,37.6087306,126.929617,10%,Rice/ Ganghwado Mugwort,"Makgeolli enhanced with the fragrant spring scent brought by mugwort from Ganghwa Island, allowing you to feel refreshed.",https://smartstore.naver.com/onzisuldoga,Yes,No,프리미엄 수제막걸리 온지쑥,Premium sujemaekgeolli onjisuk,쌀/강화도 쑥,강화도 쑥이 불러 일으키는 향긋한 봄내음이 더해져 싱그러움을 느낄 수 있는 막걸리,Onji Sool Brewery,N/A,Incheon,인천,N/A
68,4,3,3,0,온지술도가,37.6087307,126.929615,10%,Rice/ Jeju Lemon,"Refreshing Jeju lemon meets deep acidity, perfect for pre-meal drinks or dessert liquor. A sweet and sour makgeolli.",https://smartstore.naver.com/onzisuldoga,Yes,No,프리미엄 수제막걸리 온지몬,Premium sujemaekgeolli onjimon,쌀/제주 레몬,상큼한 제주 레몬과 깊은 산미가 만나/ 식전주나 디저트 술로 즐기기 좋은 새콤달달한 막걸리,Onji Sool Brewery,N/A,Incheon,인천,N/A
69,3,4,3,0,온지술도가,37.6087307,126.929616,10%,Rice/ Omija,A premium makgeolli with a diverse fruity aroma of Seocheon Makgeolli and five flavors of omija.,https://smartstore.naver.com/onzisuldoga,Yes,No,프리미엄 수제막걸리 온지오,Premium sujemaekgeolli onjio,쌀/오미자,서촌막걸리의 다채로운 과일향에 오미자의 다섯 가지 맛을 입혀 고급진 산미가 인상적인 막걸리,Onji Sool Brewery,N/A,Incheon,인천,N/A
70,4,2,3,0,온지술도가,37.6087307,126.929617,10%,Rice/ Pine needle/ Cheongju,"A seasonal limited edition product that combines the original scent of makgeolli with the phytoncide scent of pine trees, by adding aged Solsoonsung for a year.",https://smartstore.naver.com/onzisuldoga,No,Yes,프리미엄 수제막걸리 온지솔,Premium sujemaekgeolli onjisol,쌀/솔순청,1년간 숙성시킨 솔순청을 첨가하여 막걸리 본연의 향과 소나무의 피톤치드 향이 어우러지는 시즌 한정 제품,Onji Sool Brewery,N/A,Incheon,인천,N/A
71,1,2,1,0,애주 금호,37.5524396,127.0181116,8%,Rice/ Tiger nuruk containing wheat,"Seoul Night Trip is a light and clean drink that you can enjoy. With the softness and nuttiness of rice, a dry throat feel, and refreshing acidity, it will comfort your tired day.",N/A,No,No,서울야행,Seoulyahaeng,쌀/호랑이누룩 밀함유,서울야행은 가볍고 깔끔하게 즐기실 수 있는 술입니다 쌀의 부드러움과 고소함/ 드라이한 목넘김/ 경쾌한 산미의 조화로 지친 하루를 편안하게 위로해드릴게요,Aeju Geumho,N/A,Gyeonggi-do,경기도,N/A
72,4,1,4,0,운정 양조장,37.7313076,126.7413922,9%,Rice,"A premium takju, reinterpreted scientifically in the traditional way, with selected nuruk and yeast, using clean water from the pollution-free DMZ, pure Paju rice, and the clean Unjeong area.",N/A,No,No,운정막걸리,Unjeongmakgeolli,쌀,오염의 손길이 닿지 않는 DMZ 청정 파주쌀/ 깨끗한 운정지역의 물/ 엄선한 누룩과 효모를 전통방식 그대로 과학적으로 재해석한 프리미엄 탁주,Unjeong brewery,N/A,Gyeonggi-do,경기도,N/A
73,3,1,4,0,운정 양조장,37.7313076,126.7413923,9%,Rice/ Paju ginseng,"A premium takju containing selected 6-year-old Paju ginseng, incorporating the essence of Paju ginseng with abundant sapogenin for health benefits and a rich ginseng flavor.",N/A,Yes,No,파주개성인삼막걸리,Pajugae-seonginammakgeolli,쌀/파주개성인삼,엄선한 6년근 파주개성인삼 함유 사포닌이 풍부한 파주개성인삼 원물 그대로 넣어 건강과 인삼 풍미를 함께 느끼는 프리미엄 탁주,Unjeong brewery,N/A,Gyeonggi-do,경기도,N/A
74,4,3,3,0,마마스팜,37.6967,127.8888,12%,Rice/ Potato 1.64%/ Sesame seed 1.09%,"Chilweedmi offers a unique experience, allowing you to encounter traditional alcohol with the rich protein of hemp seed, an ideal balance of unsaturated fatty acids, and omega 3/6/9. Enjoy it with spicy dishes like spicy stew or seafood stew, as it offers a unique flavor and aroma different from any other makgeolli.",N/A,No,No,CHILL WEED ME,CHILL WEED ME,쌀/감자 1.64%/삼씨앗 1.09%,칠위드미는 햄프시드의 풍부한 단백질/ 불포화지방산과 오메가3/6/9의 이상적인 균형 등을 전통주로 만날 수 있는 이색적인 경험을 제공합니다. 어떤 막걸리와도 다른 풍미와 향으로 매운탕이나 해물찜같이 매콤한 음식과 함께 즐겨보세요,Mama’s Farm,N/A,Gangwon-do,강원도,N/A
75,3,2,1,0,제주곶밭,33.3939923,126.5626655,8%,Rice/ Mandarin,"A makgeolli made by brewing selected domestic rice twice, with clear volcanic rock water slowly filtered by Jeju Island, then seasoned in season and naturally fermented with organic tangerine peel, sweet persimmon fruit, and tangerine juice. It has a smooth mouthfeel and texture, with a harmonious blend of rice sweetness and citrus aroma.",https://smartstore.naver.com/jeju_gott_batt,Yes,No,제주곶밭 만다린 탁주 ,Jejugotbat mandarin takju,쌀/만다린,제주섬이 천천히 걸러낸 맑은 화산암반수와 엄선한 국내산 햅쌀로 두 번 술을 빚은 후 제철에 손질해 둔 유기농 감귤 진피/ 당유자 과피/ 감귤즙을 넣어 자연 발효합니다. 목넘김과 질감이 부드러우며 쌀의 단맛과 시트러스 향이 조화로운 막걸리입니다.,Jeju Gotbat Brewery,N/A,Jeju-do,제주도,N/A
76,3,3,5,3,생막걸리 전통 양조장,36.6421169,127.4891743,13.5%,Rice/ Herbs/ Vanilla/ Banana/ Apple,N/A,N/A,Yes,No,Happy boy - beakju,Happy boy - beakju,쌀/허브/바닐라/바나나/사과,N/A,UNFILTERED MAKGEOLLI ARTISANAL BREWERY,N/A,Chungcheongbuk-do,충청북도,N/A
77,1,3,3,3,생막걸리 전통 양조장,36.6421169,127.4891742,9%,Rice/ Herbs/ Coriander/ Orange/ Mandarine,N/A,N/A,Yes,No,In the barrel,In the barrel,쌀/허브/코리안더/오렌지/맨다린,N/A,UNFILTERED MAKGEOLLI ARTISANAL BREWERY,N/A,Chungcheongbuk-do,충청북도,N/A
78,5,1,2,2,탁 브루 컴퍼니,37.4847542,126.7413331,10.5%,Rice,"Fresh Incheon Ganghwa Island rice, with Takhbru fermentation balance, adds a natural rice flavor.",https://www.taakbrew.com/,No,No,Taak 100,Taak 100,쌀,신선한 인천 강화섬 쌀에 탁브루만의 발효 밸런스를 더해 자연스러운 쌀 맛을 표현합니다,TAAK brew company,https://res.cloudinary.com/dhwup3tvm/image/upload/v1739478888/MakgeolliGuru/image_bottle/anh9hb6cpixbwelkuayy.png,Gyeonggi-do,경기도,N/A
79,3,3,2,4,양주도가,37.82711,126.95232,6%,Rice/ Potato/ Sweet potato/ Yuzu,"Yutokjatok is a makgeolli that expresses the natural rice flavor by adding fermentation of Takhbru balance to fresh Incheon Ganghwa Island rice. It is the desire of the distiller to redefine the perception of makgeolli. Overall, the balance of taste, the harmony between yuzu aroma and makgeolli, and natural yuzu zest aroma are well combined with carbonation, maximizing the refreshing taste.",https://yjdoga.com/,Yes,No,유톡자톡,Yutogjatok,쌀/감자/고구마/유자,유톡자톡은 막걸리의 인식을 새롭게 하고 싶은 양주도가의 마음이 함께 한 막걸리 입니다. 전반적으로 맛의 균형감/ 유자의 향과 막걸리의 어울림이 좋아 유자의 천연과즙의 향이 탄산과 잘 어우러져 극대화된 청량감을 느끼실 수 있습니다,Yangju Brewery,N/A,Seoul,서울,N/A
80,4,4,3,1,양주도가,37.82711,126.95233,6.5%,Rice,"Byul-san Makgeolli is a pure makgeolli made from domestic high-quality brewing rice, without any chemical additives. It is made by brewing twice, with fermented yeast extracted from 6-year fermented vinegar, called I-yangju.",https://yjdoga.com/,Yes,No,별산,Byeolsan,쌀,별산 막걸리는 화학첨가물을 일체넣지 않고 국내산 우수한 품질의 양주쌀로 만든 순수한 막걸리입니다. 6년발효 감식초에서 추출한 발효균주로 두번빚어 만든 이양주 입니다,Yangju Brewery,https://res.cloudinary.com/dhwup3tvm/image/upload/v1742830575/265547177_1635405443468724_2733878067288806654_n_cbt5pz.png,Seoul,서울,N/A
81,3,2,2,3,양주도가,37.82711,126.95234,6%,Rice/ Potato/ Sweet potato/ Persimmon,"Byul-san Sparkling is a pure makgeolli made from domestic high-quality brewing rice, without any chemical additives. It is a sparkling makgeolli, full of a refreshing sensation, just like popping grapes in your mouth.",https://yjdoga.com/,Yes,No,별산 스파클링,Byeolsan seupaekuling,쌀/감자/고구마/오디,별산 스파클링은 화학첨가물을 일체넣지 않고 국내산 우수한 품질의 양주쌀로 만든 순수한 막걸리입니다. 오디 알이 입안에서 톡톡 터지듯 청량감 넘치는 스파클링 막걸리입니다.,Yangju Brewery,N/A,Seoul,서울,N/A
82,4,4,3,1,양주도가,37.82712,126.95232,6%,Rice,"Yangju Bulgoksan combines two unique fermentation techniques of Yangju brewers to make premium makgeolli more accessible, maximizing smoothness and texture, like milk, with a delicate hue.",https://yjdoga.com/,No,No,양주 불 불곡산,Yangju bul bulgoksan,쌀,양주불곡산은 프리미엄 막걸리를 조금 더 대중화하고 싶은 마음을 담아 양주도가의 독창적인 2가지 발효기법을 조합하여 우유처럼 고운색감과 부드러움을 극대화한 식감을 느끼실 수 있습니다,Yangju Brewery,N/A,Seoul,서울,N/A
83,4,4,3,1,양주도가,37.82712,126.95233,5.8%,Rice/ Sweet potato/ Yuzu,"With a unique flavor of yuzu meeting Byul-san, it becomes a 5.8-degree alcohol, giving a refreshing and clean feeling. The process of fermentation and maturation, for more than 8 days at a low temperature of 5°C or below, creates a healthier taste of makgeolli.",https://yjdoga.com/,Yes,No,별산 5.8,Byeolsan 5.8,쌀/고구마/유자,상큼하면서도 깔끔한 느낌을 주는 것이 특징인 유자가 별산과 만나 독특한 풍미를 주는 5.8도 술이 되었습니다. 저온숙성 5℃이하에서 8일이상 발효숙성된 과정이 더욱 건강한 맛을 주는 막걸리가 되었습니다,Yangju Brewery,N/A,Seoul,서울,N/A
84,4,3,3,3,행주산성주,37.6000261,126.8259663,8%,Kawaji rice/ Ginkgo,"Made from specially cultivated Kawaji rice from Goyang City, and added with the fruit of thousand-year ginseng, this premium thousand-year ginseng makgeolli starts with a splendid and hot beginning. But, like living with deep trust and affection, the red color of the ginseng fruit fades away gradually, while its taste ripens more and more. With a heart hoping for long-lasting health... for a thousand years.",N/A,Yes,No,천년을 살아도 Thousand years,Cheonnyeoneul sal-ado Thousand years,가와지쌀/천년초,고양시 특화쌀인 가와지쌀로 빚고 천년초 열매를 더한 프리미엄 천년초 막걸리 시작은 화려하고 뜨겁지만 깊은 신뢰와 정으로 살아가듯이 천년초 열매의 붉은색은 빛에 바래 점점 사라져도 그 맛은 더욱더 무르익어갑니다. 건강하게 오래오래 함께 하기를 바라는 마음으로....천년을 살아도.,Haengjusanseongju,N/A,Incheon,인천,N/A
85,4,3,3,4,행주산성주,37.6000262,126.8259663,10.5%,Kawaji rice,"A fresh makgeolli that captures the inherent softness of the ingredients. Made from specially cultivated Kawaji rice, a semi-polished rice produced only in Goyang City, and traditional nuruk, it undergoes fermentation and refrigeration for over two months. Made without any artificial sweeteners, it brings out the natural taste and has a clean throat feel, without carbonation.",N/A,No,No,냥이탁주 화이트 White,Nyang-ithagju hwaiteu White,가와지쌀,재료 본연의 부드러움을 담은 생막걸리 고양시에서만 생산되는 반찰쌀인 가와지쌀과 전통누룩으로 두 달 이상의 발효와 냉장숙성을 거쳐 생산됩니다. 무감미료로 자연의 맛을 냈으며 탄산이 없어 목넘김이 깔끔합니다.,Haengjusanseongju,N/A,Incheon,인천,N/A
86,3,3,3,3,행주산성주,37.6000261,126.8259664,9%,Kawaji rice/ Ginkgo/ Barley/ Glutinous millet/ Omija/ Pine needle/ Honey,"Characterized by a well-balanced sweet and sour flavor. Made primarily with Kawaji rice, it is brewed with various domestic ingredients such as glutinous barley, glutinous millet, omija, pine nuts, and honey, using traditional nuruk.",N/A,Yes,Yes,냥이탁주 Nine,Nyang-ithagju Nine,가와지쌀/천년초/찰보리/찰수수/오미자/송순/벌꿀,밸런스 좋은 새콤달콤 풍성한 맛이 특징 가와지쌀을 주 재료로 찰보리/ 찰수수/ 오미자/ 송순/ 벌꿀 등의 다양한 국내산 재료를 추가하여 전통누룩으로 빚어 만듭니다.,Haengjusanseongju,N/A,Incheon,인천,N/A
87,3,3,2,3,행주산성주,37.6000262,126.8259664,5%,Rice/ Nyang-ithagju 9,"Characterized by a refreshing taste that can be enjoyed lightly as a low-alcohol makgeolli. Made with the same ingredients as Nyangitju 9, it is brewed without synthetic sweeteners, using quality domestic ingredients. Enjoy the freshness of omija and pine nuts, without the sensation of carbonation.",N/A,No,No,냥이탁주 Fresh,Nyang-ithagju Fresh,쌀/냥이틱주 9,저도주 막걸리로 가볍게 마실 수 있는 산뜻한 맛이 특징 냥이틱주 9와 같은 재료로 빚은 술로/ 합성감미료 없이 품질 좋은 국내산 재료를 사용하여 생산합니다. 탄산감이 없이 오미자와 송순이 어우러진 산뜻함을 즐겨보세요,Haengjusanseongju,N/A,Incheon,인천,N/A
88,2,3,3,2,가야막걸리,35.30987,128.80618,6%,Rice,"Made with 100% Gimhae Pyeongya rice. No artificial sweeteners. The natural sweetness of pure Korean rice (glutinous rice). A clean aftertaste and a harmonious blend of lingering sweetness. A true Korean liquor, without a hangover.",https://www.gayabrewery.com/,No,No,님그리다,Nimgeulida,쌀,김해평야 쌀 100%사용. 無감미료. 순수 우리쌀(찹쌀)에서 나오는 자연의 단맛! 깔끔한 뒷맛과 계속 생각나는 신맛의 조화. 숙취 없는 진정한 우리술,gaya makgeolli,https://res.cloudinary.com/dhwup3tvm/image/upload/v1739478881/MakgeolliGuru/image_bottle/aiumoj7bo0cnhfnyy0rf.png,Gyeongsangnam-do,경상남도,N/A
89,3,2,3,2,가야막걸리,35.30987,128.80619,6%,Rice,"Kimhae Pyeongya rice, 100% used. No artificial sweeteners. The natural sweetness from pure Korean rice (glutinous rice). After a long aging process (average 33 days), it produces a refreshing taste, harmonizing sweetness and bitterness.",https://www.gayabrewery.com/,No,No,가야의  魂,Gayaui hon,쌀,김해평야 쌀 100% 사용. 無감미료/ 순수 우리쌀(찹쌀)에서 나오는 자연의 단맛! 발효/ 오랜 숙성과정(평균 33일)을 거쳐 상쾌한 감칠맛과 단맛과 신맛이 조화로운 진정한,gaya makgeolli,N/A,Gyeongsangnam-do,경상남도,N/A
90,4,2,4,2,HolyWater 서원동 상점가(순대타운),37.4832059,126.9288823,7%,Rice,N/A,https://smartstore.naver.com/markholy/category/d6e050fb5d8b4c7d9f45b1d9405c374f?cp=1,No,No,Mark Holy 마크홀리 오리지널,Mark Holy maegkeuhollie olijineol,쌀,N/A,HolyWater ,https://res.cloudinary.com/dhwup3tvm/image/upload/v1742829403/339352127_758996162241595_5530004927713242188_n_rzec9t_dkyxk5.png,Gyeonggi-do,경기도,N/A
91,4,3,4,3,당술,37.3021094,127.0442808,15%,Rice,"Sharing a bottle with a friend on the way home, which is the most basic of yeast, a high-proof post-modern drink, with a finely balanced blend of sweetness, bitterness, and alcohol. Intended to create a forest where you can feel good when you drink. Those who like high-alcohol and strong sweetness are recommended to drink it straight, while those who prefer a smooth sweetness are recommended to drink it on the rocks.",N/A,No,No,바탕,Batang,쌀,유효모방의 가장 기본이 되는 순입니진 퇴근길에 친구와 한 병 나눠<br>마시면 기분 좋게 취할 수 있는 숲이라는 기획 의도를 가지고 단맛/ 신맛/ 쓴맛과 알코올의 밸런스를 절묘하게 맞춘 고도수 포스트모던 타주가 탄생하였습니다. 높은 도수의 알코올과 진한 단맛을 좋아하는 분은 스트레이트로/ 부드러운 단맛을 좋아하는 분은 온더라으로 마시는 것을 추천합니다.,dangsul,N/A,Gangwon-do,강원도,N/A
92,3,2,4,4,서울 발효소,37.4938288,127.0144437,13.5%,N/A,N/A,https://www.instagram.com/seoulfermentary/?hl=fr,Yes,No,단홈,Danhom,N/A,N/A,Seoul fermentary,N/A,Gangwon-do,강원도,N/A
93,2,2,1,1,서울 발효소,37.4938288,127.0144438,9%,N/A,N/A,https://www.instagram.com/seoulfermentary/?hl=fr,Yes,No,풀빛,Pulbit,N/A,N/A,Seoul fermentary,N/A,Gangwon-do,강원도,N/A
94,3,4,4,2,서울 발효소,37.4938288,127.0144439,8.5%,Vitang/ Wheat gluten yeast comes out. PZL pepper gimdae,"A vibrant blend of bold flavors and subtle, refreshing acidity, underpinned by Kim Dae full-bodied richness, with a finish dominated by bright spices.",https://www.instagram.com/seoulfermentary/?hl=fr,No,No,녹음,Nogeum,비탕/밀치유지제스트생김.피지오링크페퍼김대,혁진한 필치와 은은하고 상큼한 유지 달치를 받쳐주는 김대의 바디함과 피니시를 잠식하는 화사한 향신료,Seoul fermentary,N/A,Gangwon-do,강원도,N/A
95,5,2,4,3,서울 발효소,37.4938289,127.0144437,12.8%,Rice/ Cinnamon,"Crafted from a matured sweetness, reminiscent of ripe apples, and complemented by the practicality of pineapple and the subtle nuttiness of macadamia nuts.",https://www.instagram.com/seoulfermentary/?hl=fr,No,No,온설,Onseol,쌀/계피,녹진한 단맛에 수정과같은 일한 계피와 생김 병소를<br>연심시기는 실용한 파인애플과 은은한 넛맥의 피니쉬,Seoul fermentary,N/A,Gangwon-do,강원도,N/A
96,2,4,4,3,서울 발효소,37.4938289,127.0144438,12%,Rice,N/A,https://www.instagram.com/seoulfermentary/?hl=fr,No,No,의 의지할,Ui uijihal,쌀,N/A,Seoul fermentary,N/A,Gangwon-do,강원도,N/A
97,4,1,2,2,서울 발효소,37.4938289,127.0144439,8%,Rice,Enjoy the taste of 100% Seonsan and experience the originality.,https://www.instagram.com/seoulfermentary/?hl=fr,No,No,선산 스위트,Seonsan seuwiteu,쌀,선산 100% 사용해 본당을 즐길 수 있는 주립니다,Seoul fermentary,N/A,Gangwon-do,강원도,N/A
98,1,3,2,4,서울 발효소,37.4938290,127.0144437,6%,Rice,N/A,https://www.instagram.com/seoulfermentary/?hl=fr,No,No,선산 베이직,Seonsan beijik,쌀,N/A,Seoul fermentary,N/A,Gangwon-do,강원도,N/A
99,4,4,3,2,장안양조장,37.57105,127.06806,9%,Rice,"Iyangju is a method of making alcohol by first creating a base alcohol, then adding alcohol to it. It is brewed twice to ensure stability. The base alcohol is made using high temperatures and Nuruk, ending yeast through mutualism, while punishment and merger are used for Godubap.",N/A,No,No,장안누룩09,Jangan-nuruk09,쌀,이양주는 방송국 술을 만든 다음 덧술을 한번 더 해 술을 빚는 방법입니다.<br>두번 발효하여 안정적으로 술을 빚을 수 있습니다. 밑술은 열발과 누룩으로 상호를 통해 효모를 종식시킨 것을 고두밥으로 엄벌과 합병을 사용합니다.,Jang-an Brewery,N/A,Gangwon-do,강원도,N/A
100,3,3,3,2,장안양조장,37.57105,127.06807,12%,Rice,"Iyangju is made by brewing base alcohol with rice flour and then adding alcohol. It is fermented separately and handmade, allowing you to experience a deep and rich flavor.",N/A,No,No,장안사이12,Jangansa-i12,쌀,쌀가루를 이용하여 죽으로 밑술을 빚고 한번 더<br>잡별로 덧술을 해서 발효시켜 빚는 이양주입니다. 수작업으로 빚어 풍미와 깊은 맛을 느낄 수 있습니다.,Jang-an Brewery,N/A,Gangwon-do,강원도,N/A
101,2,1,3,1,대밭고을,35.00385,128.06857,13%,Rice,N/A,https://www.wadiz.kr/web/maker/detail/834057?path=reward_detail,No,No,대담 13 막걸리,Daedam 13 makgeolli,쌀,N/A,Daebat Village Brewery,N/A,Gyeongsangnam-do,경상남도,N/A
102,4,1,4,1,대밭고을,35.00386,128.06857,15%,Rice,N/A,https://www.wadiz.kr/web/maker/detail/834057?path=reward_detail,No,No,대담 15 약주,Daedam 15 yakju,쌀,N/A,Daebat Village Brewery,N/A,Gyeongsangnam-do,경상남도,N/A
103,5,1,4,0,민주 양조장 - 포천,37.7944481,127.1263758,16%,Rice,"Premium makgeolli made only with Pocheon rice and Nuruk (Korean traditional wild yeast), undergoing 60 days of low-temperature fermentation and 90 days of low-temperature aging, for a total of 150 days of waiting.",https://blog.naver.com/minjusool,No,No,Minju Concerto,Minju Concerto,쌀,포천 쌀과 누룩(한국 전통 야생 효모)으로 만든 프리미엄 막걸리/ 저온 발효 60일 및 저온 숙성 90,minju brewery - pocheon ,https://res.cloudinary.com/dhwup3tvm/image/upload/v1742829403/456305933_494821730011061_6015448450385515823_n_kl6jhl_mgifig.png,Gangwon-do,강원도,N/A
104,2,4,3,1,도반 양조장,37.75952,126.77772,9%,Rice,N/A,N/A,No,No,3rd,3rd,쌀,N/A,dovan brewery ,https://res.cloudinary.com/dhwup3tvm/image/upload/v1739478885/MakgeolliGuru/image_bottle/lhcmueaqpyswiqmtyfsi.png,Gyeonggi-do,경기도,N/A
105,4,2,3,0,금정산성,35.2514917,129.0454309,5%,Rice,"The story of five hundred years of makgeolli in Geumjeongsanseong. You can feel the flavor and deep taste, brewed by hand.",sanmakcho.com,No,No,청탁,Cheongtak,쌀,오백년 막걸리 이야기 금정산성. 수작업으로 빚어 풍미와 깊은 맛을 느낄 수 있습니다.,Geumjeongsanseong Fortress,https://res.cloudinary.com/dhwup3tvm/image/upload/v1739478881/MakgeolliGuru/image_bottle/iip5yqlqtv7qzctxww83.png,Busan,부산,N/A
106,4,3,3,4,주방장 양조장,36.3664736,127.3189253,10%,Rice,N/A,N/A,No,No,sucre,Sucre,쌀,N/A,Jubangjang Brewery,N/A,Chungcheongbuk-do,충청북도,N/A
107,3,2,3,3,주방장 양조장,36.3664736,127.3189254,8%,Rice/ Pear,N/A,N/A,Yes,No,pear,Pear,쌀/배,N/A,Jubangjang Brewery,N/A,Chungcheongbuk-do,충청북도,N/A
108,4,2,3,1,산정호수 동정춘,38.07099,127.28349,6%,Rice,N/A,N/A,No,No,산정 호수 막걸리,Sanjeong hosu makgeolli,쌀,N/A,sanjeong Lake Dongjeongchun ,N/A,Gangwon-do,강원도,N/A
109,3,3,2,1,문경주조,36.58755,128.18624,6.5%,Rice/ Omija,N/A,https://mgomijasul.modoo.at/,Yes,No,오미자 생막걸리,Omija saengmakgeolli,쌀/오미자,N/A,Mungyeong Brewery,https://res.cloudinary.com/dhwup3tvm/image/upload/v1739478884/MakgeolliGuru/image_bottle/kroocgp377g2gol2s7l8.png,Gyeongsangbuk-do,경상북도,N/A
110,4,2,2,1,문경주조,36.58756,128.18624,12%,Rice,N/A,N/A,No,No,구름을 벗삼아,Gureum-eul beotsam-a,쌀,N/A,Mungyeong Brewery,N/A,Gyeongsangbuk-do,경상북도,N/A
111,2,3,2,1,김포금쌀탁주,37.73548,126.64134,6%,Rice,N/A,N/A,No,No,선호 생 막걸리 ,Seonho saeng makgeolli,쌀,N/A,Gimpo Gold Rice Takju,https://res.cloudinary.com/dhwup3tvm/image/upload/t_removebackCrop/v1742830575/305194267_1080427139533038_3222980276623297241_n_je0maj.png,Gyeonggi-do,경기도,N/A
112,3,4,2,2,속초 설악산,38.1669103,128.5172053,6%,Rice/ Racine,N/A,N/A,No,No,더덕 생막걸리,Deodeog saengmakgeolli,쌀/라신,N/A,sokcho seoraksan,https://res.cloudinary.com/dhwup3tvm/image/upload/v1739478897/MakgeolliGuru/image_bottle/n2otmnaiopxehka0ikry.png,Gangwon-do,강원도,N/A
113,2,2,3,1,무주,36.007,127.6609,6%,Rice/ Cheonma,N/A,N/A,No,No,천설주,Cheonseolju,쌀/천마,N/A,muju,N/A,Chungcheongbuk-do,충청북도,N/A
114,4,3,4,0,독 우이락 - 망원,37.5560254,126.9101277,6%,Rice,N/A,https://wooyirak.com/ ,No,No,Creamy,Creamy,쌀,N/A,DOK Mangwon market,N/A,Incheon,인천,N/A
115,3,4,4,2,해창주조장,34.4857,126.49165,6도9도12도,Rice/ Glutinous rice,"Rich flavor of glutinous rice and strong taste of glutinous rice. Not too sweet, with moderate acidity. Goes well with any dish. The 12% is full bodied, creamy with sweet rice notes.",N/A,No,No,해창막걸리,Haechang makgeolli,쌀/찹쌀,찹쌀의 감칠맛과 맵쌀의 센맛/ 단맛이 강하지 않고/ 산미가 적당. 어떤 음식과도 잘 어울림. 12% 막걸리는 바디감이 풍부하고 크리미하며 달콤한 쌀 향이 느껴집니다.,Haechang Brewery,https://res.cloudinary.com/dhwup3tvm/image/upload/v1742829404/256192519_2263645170444467_7618678826388252970_n_vd98kg_xuahcq.png,Jeollanam-do,전라남도,N/A
116,3,1,3,0,수블가,37.2801,127.1148,12,"rice, nuruk, yeast, water","Doodumulmakgeolli is a clear and refreshing makgeolli that reminds you of a green apple. Brewed using traditional methods, it retains live yeast and maintains the clarity of our famous Hosanchun. This makgeolli is brewed in the vast and clear natural environment, hoping that those who drink it will also become clear and bright. Its clean sweetness leaves a refreshing feeling in your mouth even after multiple servings.",https://www.instagram.com/sbga22,No,No,두두물물 탁주 ,Doodoomulmul takju,N/A,두두물물 탁주는 청사과가 연상되는 맑고 산뜻한 탁주입니다.전통방식 그대로 빚어 생균이 살아 있으며 우리 명주 호산춘 의 느낌을 유지하도록 맑은 술의 비율을 높여 산뜻하게 즐길 수 있게 하였습니다.,Sooblega  ,https://res.cloudinary.com/dhwup3tvm/image/upload/v1748673366/dudu_m1rv1f.png,Gyeonggi-do Yongin,용인시,N/A
117,1,1,2,0,삼산도가,35.84509,127.14752,9,N/A,"Brewed in the vast and clear natural environment, this makgeolli is like a clear and bright drink. It embodies the hope that those who drink it will also become clear and bright. Its clean sweetness leaves a refreshing feeling in your mouth even after multiple servings.",https://samsandoga.com/,No,No,호호히,HoHoHi,N/A,"맑고 밝고 넓게 “晧浩히” 넓은 자연 속에서 맑게 빚은 이 술 처럼, 호호히를 마시는 사람 역시 맑고 밝아지기를 바라는 마음을 담았습니다. 담백한 단맛이 있어 여러 잔 마셔도 입안에 개운함이 남습니다.",Samsandoga,https://res.cloudinary.com/dhwup3tvm/image/upload/v1748673369/hohohi_kyqhgr.png,Jeollabuk-do Wanju,전북 완주군,N/A
118,1,1,3,0,삼산도가,35.846,127.14753,12,"Eco-friendly rice, snail-farmed rice, wheat nuruk, water","Samsando's 'First Drink' is brewed with eco-friendly rice, hand-harvested Ureongi rice, and traditional nuruk from the clear waters of the Mankyeong River. 'Gosan' is the name of the region where Samsando operates, and the rice grown here is transformed into this makgeolli.",https://samsandoga.com/,No,No,고산탁주,Gosan takju,"친환경 쌀, 우렁이쌀, 우리밀 누룩, 물","친환경 쌀로 빚은 삼산도가 ‘첫술’ 손수 농사지은 우렁이쌀과 우리밀 누룩, 만경강 수원지 맑은 물로 옛 방식을 따라 담백하게 빚은 술입니다. ‘고산’은 삼산도가가 활동하는 지역의 이름입니다. 이곳에서 자란 쌀이 술이 되어 병에 담깁니다.",Samsandoga,https://res.cloudinary.com/dhwup3tvm/image/upload/v1748673372/gosan_wpqey2.png,Jeollabuk-do Wanju,전북 완주군,N/A
119,3,1,1,3,삼산도가,35.84511,127.149,6,"Rice, nuruk, yeast","This makgeolli is brewed using an old method to create a sparkling, natural carbonation. Fermented at low temperatures, the yeast-produced carbonation is trapped in the bottle, resulting in a non-sweet and refreshing drink perfect for quenching summer thirst.",https://samsandoga.com/,No,No,호호히 스파클링,HoHoHi sparkling,"쌀, 누룩, 효모","시원하게 마시는 자연탄산 막걸리 샴페인을 제조하는 오래된 방식을 따라, 저온에서 효모가 만드는 탄산을 병에 가두었습니다.달지 않고 청량함이 있어한여름 갈증을 씻어내기 좋은 술입니다.",Samsandoga,https://res.cloudinary.com/dhwup3tvm/image/upload/v1748673374/hohohi_sparkling_y47kbt.png,Jeollabuk-do Wanju,전북 완주군,N/A
120,4,3,4,1,장안양조장,37.546101,127.101426,9,N/A,"Rich and velvety, with a fruity aroma. A premium makgeolli with no additives.",https://www.instagram.com/janganbrewery,No,No,장안누룩09,Jangan nuruk 09,N/A,"찐하고 꾸덕함, 과일향의 아로마. 무첨가 프리미엄막걸리",Jangan brewery,N/A,Seoul,서울특별시,N/A
121,3,4,3,1,장안양조장,37.547,127.102,12,N/A,Deep and rich layers of flavor. Delicious acidity.,https://www.instagram.com/janganbrewery,No,No,장안사이12,Jangan sai 12,N/A,석탄주의 깊고 풍부한 층위. 맛있는 산미,Jangan brewery,N/A,Seoul,서울특별시,N/A
122,4,4,3,1,장안양조장,37.548,127.101428,9,N/A,"Sour, sweet, and hip makgeolli.",https://www.instagram.com/janganbrewery,No,No,엑스스타막걸리,X star makgeolli,N/A,세콤 달콤 힙한 막걸리,Jangan brewery,N/A,Seoul,서울특별시,N/A
123,3,4,3,1,장안양조장,37.546104,127.102,6,N/A,The refreshing and fragrant taste of yuja.,https://www.instagram.com/janganbrewery,No,No,장안 유자,Jangan yuja,N/A,유자의 상큼함과 향긋함,Jangan brewery,N/A,Seoul,서울특별시,N/A
124,5,0,2,0,범표주조,37.2943685,127.4429892,7,N/A,"This makgeolli has a clean and refreshing sweetness that pairs well with salty foods, offering a light and smooth finish. Bumpyo Makgeolli has no carbonation or nuruk flavor, making it smooth to drink. It has the basic taste of makgeolli, so it's enjoyable on its own, but can also be used as a base for cocktails or highballs.",http://www.beompyobrewery.com/,No,No,범표 생 막걸리 7도,Beompyo saeng makgeolli 7%,N/A,"깔끔하고 산뜻한 단맛을 가지고있어 짠 음식과 페어링시 라이트한 부드러움으로 술술 넘어가는 막걸리예요. 범표 생 막걸리는 탄산이 없고, 누룩취가 없습니다. 따라서 목넘김이 부드러운 것이 특징이죠. 막걸리의 가장 기본이 되는 맛을 가지고 있어 그냥 마셔도 맛있지만, 취향에 맞게 칵테일이나 하이볼의 베이스 술로 음용해도 좋습니다.",Beompyo brewery,https://res.cloudinary.com/dhwup3tvm/image/upload/v1748673356/411f772ef6179_au1fjx.png,Gyeonggi-do Incheon,경기도 이천,N/A
125,5,0,4,1,범표주조,37.296,127.4429893,9,N/A,"This makgeolli has a rich and sweet flavor that pairs well with spicy foods, offering a deep sweetness and long finish that soothes the palate. Bumpyo Makgeolli has no carbonation or nuruk flavor, making it smooth to drink. It has the basic taste of makgeolli, so it's enjoyable on its own, but can also be used as a base for cocktails or highballs.",http://www.beompyobrewery.com/,No,No,범표 생 막걸리 9도,Beompyo saeng makgeolli 9%,N/A,"묵직하고 달콤한 맛을 가지고 있어 매운 음식과 페어링시 깊은 단맛과 긴 여운으로 속을 편안하게 적셔줘요. 범표 생 막걸리는 탄산이 없고, 누룩취가 없습니다. 따라서 목넘김이 부드러운 것이 특징이죠. 막걸리의 가장 기본이 되는 맛을 가지고 있어 그냥 마셔도 맛있지만, 취향에 맞게 칵테일이나 하이볼의 베이스 술로 음용해도 좋습니다.",Beompyo brewery,https://res.cloudinary.com/dhwup3tvm/image/upload/v1748673356/f89876d9f39b9_phshzo.png,Gyeonggi-do Incheon,경기도 이천,N/A
126,4,3,5,0,보은양조장,36.4819148,127.7167232,12,"Glutinous rice, nuruk, water","This premium chestnut makgeolli is aged for 100 days without additives, offering a smooth and pleasant sweetness. Enjoy it straight, on the rocks, or mixed with other beverages.",https://www.instagram.com/boeun_makgeollihouse,No,No,속리산 주깨비,soklisan jukkaebi,"찹쌀, 누룩, 물",첨가물 없이 100일 동안 정성으로 숙성해 만든 찹쌀 생막걸리로 부드럽고 기분 좋은 단맛을 즐길 수 있는 프리미엄 막걸리. 스트레이트 즐기기 (그대로 즐겨보세요).온더락으로 즐기기 (얼음을 넣어보세요).섞어 마시기 (보은 막걸리 + 주깨비를 1:1 비율 or 2:1 비율 섞기),boeun makgeolli house,https://res.cloudinary.com/dhwup3tvm/image/upload/v1748673365/soklisankkaebi_he6occ.png,Cheongbuk-do,충북,N/A
127,3,2,1,5,보은양조장,36.483,127.7167233,6,"Rice, nuruk, water","The representative makgeolli from Boeun Brewery, known for its unique aroma and clean carbonation.",https://www.instagram.com/boeun_makgeollihouse,No,No,보은 생쌀 막걸리,boeun saeng ssal makgeolli,"쌀, 누룩, 물",보은양조장의 가장 오래된 솔로 고유의 향과 깔끔한 탄산이 특징인 대표 생막걸리,boeun makgeolli house,N/A,Cheongbuk-do,충북,N/A
128,4,2,1,5,보은양조장,36.4819150,127.718,6,N/A,"This makgeolli is known for its rich aroma of jujubes, a specialty of Boeun, and its subtle sweetness.",https://www.instagram.com/boeun_makgeollihouse,Yes,No,속리산 쌀 대추막걸리,soklisan ssal daechumakgeolli,N/A,보은 특산품인 알 굵은 대추의 향과 은은한 단맛이 일품인 생막걸리,boeun makgeolli house,N/A,Cheongbuk-do,충북,N/A
129,1,2,1,0,좋은술,37.0102260,126.985,9,Golden citrus (Hallabong / citrus fruit),"A unique makgeolli made with golden bellflower as the main ingredient, carefully fermented using self-nuruk. This makgeolli uses no artificial sweeteners, capturing the refreshing and vibrant taste of golden bellflower.",http://www.cheonbihyang.com/,No,No,택이,Taeki,황금향,"황금향을 주재료로 한 독특한 막걸리로, 자가누룩을 사용해 정성스럽게 발효한 술입니다. 이 막걸리는 인공 감미료를 전혀 사용하지 않고, 오직 황금향만으로 황금향의 상큼하고 싱그러운 맛을 표현해냈습니다.",Joeun sool,https://res.cloudinary.com/dhwup3tvm/image/upload/v1748673357/taeki_a4m0bq.png,Gyeonggi-do Pyeongtaek,경기도 ,N/A
130,3,3,3,1,좋은술,37.011,126.985,12,"Rice, nuruk, yeast, water",A premium makgeolli made through fermentation and low-temperature aging for over six months.,http://www.cheonbihyang.com/,No,No,천비향 생주,Cheonbihyang saengju,"쌀, 누룩, 효모, 물",6개월 이상의 발효와 저온숙성을 거쳐 만든 프리미엄 오양주 막걸리 ,Joeun sool,https://res.cloudinary.com/dhwup3tvm/image/upload/v1748673378/cheonbihyang_kzdme2.png,Gyeonggi-do Pyeongtaek,경기도 ,N/A
131,2,3,2,0,좋은술,37.012,126.986,11,N/A,N/A,http://www.cheonbihyang.com/,No,No,술 그리다,Sool geurida,N/A,N/A,Joeun sool,N/A,Gyeonggi-do Pyeongtaek,경기도 ,N/A
132,1,2,1,0,좋은술,37.013,126.987,11,N/A,N/A,http://www.cheonbihyang.com/,No,No,술 예쁘다,Sool yeppeuda,N/A,N/A,Joeun sool,N/A,Gyeonggi-do Pyeongtaek,경기도 ,N/A
133,4,2,3,1,Seonsan,36.1516026,128.3166579,6,Domestic glutinous rice,"Wanjjiggi's Makgeolli is sweet and subtly refreshing, with a smooth finish. It warms the heart, softens thoughts, and encourages natural conversation. It's simply a pleasant drink.",https://www.seonsan.kr/,No,No,왼그기그 막걸리,Hwingeugigeu makgeolli,국산 찹쌀,"왼그기그 막걸리는 달콤하고 은은하게 톡 쏘며 술술 넘어갑니다. 마음을 따뜻하게 하고, 생각을 부드럽게 해주며, 대화가 자연스럽게 이어집니다. 그냥, 기분 좋은 술이에요.",Seonsan,https://res.cloudinary.com/dhwup3tvm/image/upload/v1749474574/71472848354358535_208648935_kfyiz5.jpg,Gyeongsangbuk-do Gumi,경상북도,N/A
134,3,2,3,1,Seonsan,36.1516027,128.3166580,6,"Local specialty liquor (takju: makgeolli), Seonsan non-glutinous rice 100% / nuruk (contains wheat) / yeast / purified water","Myeongga Myeongju is a light and refreshing drink, with a crisp acidity and a hint of sweetness. It's perfect for a light and enjoyable sip.",https://www.seonsan.kr/,No,No,명가명주 6도,Myeonggamyeongju 6°,"지역특산주(탁주:막걸리), 선산멥쌀 100% / 누룩(밀 함유) / 효모 / 정제수","명가명주'는 이름 있는 집안에 맛있는 술이라는 뜻으로 가볍게 즐길 수 있는 라이트 한 목넘김, 상큼한 산미가 올라오며 단맛이 감도는 맛이 나타납니다.",Seonsan,https://res.cloudinary.com/dhwup3tvm/image/upload/v1749474579/169775cd91707_ky9anj.png,Gyeongsangbuk-do Gumi,경상북도,N/A
135,3,2,3,1,Seonsan,36.1516028,128.3166581,9,"Local specialty liquor (takju: makgeolli), Seonsan non-glutinous rice 100% / nuruk (contains wheat) / yeast / purified water","Myeongga Myeongju is a light and refreshing drink, with a crisp acidity and a hint of sweetness. It's perfect for a light and enjoyable sip.",https://www.seonsan.kr/,No,No,명가명주 9도,Myeonggamyeongju ç°,지역특산주(탁주:막걸리)? 선산멥쌀 100% / 누룩(밀 함유) / 효모 / 정제수,"명가명주'는 이름 있는 집안에 맛있는 술이라는 뜻으로 가볍게 즐길 수 있는 라이트 한 목넘김, 상큼한 산미가 올라오며 단맛이 감도는 맛이 나타납니다.",Seonsan,https://res.cloudinary.com/dhwup3tvm/image/upload/v1749474578/cf208914c6872_pscbt4.png,Gyeongsangbuk-do Gumi,경상북도,N/A
136,4,3,4,1,Seonsan,36.1516029,128.3166582,12,"Local specialty liquor (takju: makgeolli), Seonsan non-glutinous rice 100% / nuruk (contains wheat) / yeast / purified water","Myeongga Myeongju is a light and refreshing drink, with a crisp acidity and a hint of sweetness. It's perfect for a light and enjoyable sip.",https://www.seonsan.kr/,No,No,명가명주 12도,Myeonggamyeongju 12°,지역특산주(탁주:막걸리). 선산멥쌀 100% / 누룩(밀 함유) / 효모 / 정제수,"명가명주'는 이름 있는 집안에 맛있는 술이라는 뜻으로 가볍게 즐길 수 있는 라이트 한 목넘김, 상큼한 산미가 올라오며 단맛이 감도는 맛이 나타납니다.",Seonsan,N/A,Gyeongsangbuk-do Gumi,경상북도,N/A
137,1,4,2,3,Seonsan,36.1516030,128.3166583,6,"Local specialty liquor (takju: makgeolli), Seonsan non-glutinous rice 100% / nuruk (contains wheat) / yeast / purified water","Seonsan Basic is a light and refreshing wine, with a subtle charm and a crisp acidity.",https://www.seonsan.kr/,No,No,선산 베이직,Seonsan basic,지역특산주(탁주:막걸리); 선산찹쌀 100% / 누룩(밀 함유) / 효모 / 정제수,선산 베이직(seonsan basic)은 가볍게 즐길 수 있는 포도 와인에 초점을 맞췄습니다. 심심한 매력과 톡 튀는 산미를 선사합니다.,Seonsan,https://res.cloudinary.com/dhwup3tvm/image/upload/v1749474578/2445e3567bb0e_bel4p3.png,Gyeongsangbuk-do Gumi,경상북도,N/A
138,4,2,3,4,Seonsan,36.1516031,128.3166584,8,"Local specialty liquor (takju: makgeolli), Seonsan non-glutinous rice 100% / nuruk (contains wheat) / yeast / purified water","Seonsan Sweet offers a delightful aroma of apples and pears, with a Brix level of 23, filling your mouth with its charm.",https://www.seonsan.kr/,No,No,선산 스위트,Seonsan sweet,지역특산주(탁주:막걸리); 선산찹쌀 100% / 누룩(밀 함유) / 효모 / 정제수,선산 스위트(seonsan sweet)는 brix 23 과 동시에 사과와 배 아로마가 입 안을 가득 채워주는 매력을 선사합니다.,Seonsan,https://res.cloudinary.com/dhwup3tvm/image/upload/v1749474578/946e12a980270_pazvw4.png,Gyeongsangbuk-do Gumi,경상북도,N/A
139,2,4,4,3,Seonsan,36.1516032,128.3166585,12,"Local specialty liquor (takju: makgeolli); Seonsan non-glutinous rice 40%, Seonsan glutinous rice 60% / nuruk (contains wheat) / purified water",Seonsan Original is a refreshing soju with a yogurt-like flavor and a strong acidity.,https://www.seonsan.kr/,No,No,선산 오리지널,Seonsan original,"지역특산주(탁주:막걸리); 선산멥쌀 40%, 선산찹쌀 60% / 누룩(밀 함유) / 정제수",선산 오리지널(seonsan original)은 요거트를 연상시키며 산미에 힘을 준 삼양주입니다.,Seonsan,https://res.cloudinary.com/dhwup3tvm/image/upload/v1749474574/158bd716696c1_tmlqxp.png,Gyeongsangbuk-do Gumi,경상북도,N/A
140,1,2,4,1,술팡,36.6493803,127.4447023,12,"Rice, 4 types of nuruk","Sullpang's Base Makgeolli, brewed with just rice and four types of nuruk, offers a clean and deep aroma. It showcases the fundamental skills of Sullpang brewing.",https://www.instagram.com/sooolpang/,No,No,봉명 막걸리,Bongmyeong makgeolli,"쌀, 누룩 4종","술팡의 베이스 막걸리, 쌀과 누룩 4종 만으로 빚어 깔끔하고 깊은 향이 특징. 술팡 양조의 기본기를 가장 잘 보여 주 는 막걸리이다.",soolpang,N/A,Chungcheongbuk-do,충청북도,N/A
141,5,1,3,2,술팡,36.655,127.4447024,12,"Glutinous rice (base assumed), nuruk, magnolia blossoms","Sullpang's Signature Makgeolli is brewed with magnolia blossoms, blending a fragrant floral aroma with a sweet, refreshing taste. The subtle pine scent harmonizes with a crisp sweetness and light acidity, finishing with a hint of magnolia blossom.",https://www.instagram.com/sooolpang/,No,No,목련 막걸리,Moklyeon makgeolli,"찹쌀 (추정 베이스), 누룩, 목련꽃","술팡의 시그니쳐 막걸리. 목련 꽃순을 넣어 빚은 막걸리, 향긋한 꽃향기와 달콤한 술 맛이 강렬하게 섞인다.",soolpang,N/A,Chungcheongbuk-do,충청북도,N/A
142,3,2,3,2,술팡,36.6493805,127.446,12,"Rice, nuruk, water ","A subtle pine scent permeates, harmonizing with a crisp sweetness and light acidity. The magnolia blossom aroma lingers, finishing with a smooth elegance.",https://www.instagram.com/sooolpang/,No,No,송송 막걸리,Songsong makgeolli,"쌀, 누룩 , 물",솔향이 은은하게 퍼지면서 쌉쌀한 단맛과 가벼운 산미가 조화를 이룬다. 목련꽃향이 은은하게 퍼지면 스로 마무리 된다.,soolpang,N/A,Chungcheongbuk-do,충청북도,N/A
143,2,3,3,5,인천탁주,37.5216996,126.7090393,6,Raw makgeolli contains live yeast.,"Unlike traditional makgeolli, which is often seen as masculine, rough, and cloudy, Saengsoju is crafted with extended aging and brewing times to appeal to women and young adults. Named after the ancient name of Incheon during the Unified Silla period, Saengsoju has been brewed for over 80 years and is the first makgeolli made from rice in the industry. It holds the highest market share in the Incheon region. The packaging features the 12 zodiac animals to provide consumers with fun conversation topics. Saengsoju is committed to providing an affordable and enjoyable drinking experience for all adults through continuous research and development. With extended aging and brewing times, Saengsoju offers a smooth and refreshing carbonation, along with a unique umami flavor. The live yeast in Saengsoju provides a natural carbonation and refreshing taste, making it a great pairing with meats (samgyeopsal, jokbal, suyeok), seafood, and various side dishes.",https://sosungju.com/,No,No,인천 생 소성주,Incheon saeng soseongju,"정제수, 쌀(외국산),팽화미(외국산),이소말토올리고당, 국, 효모, 정제효소, 종국, 아스파탐(페닐알라닌 함유,합성감미료), 구연산, 밀(곡류)함유","기존의 막걸리의 이미지가 남성적이고 투박하며 거칠고 탁한 맛이었다면 생소성주는 여성들과 젊은층도 선호할 수 있도록 숙성시간과 담금횟수를 늘려 부드럽고 톡 쏘는 청량감이 느껴져 누구나 부담없이 마실수 있도록 하였다. 인천의 통일신라 시대 이름인 소성현에서 이름이 유래한 생소성주는 80년 넘게 막걸리를 빚으며 업계최초로 쌀로 만든 막걸리를 만들었고, 인천지역 최고의 점유률을 자랑하는 대표 막걸리이다. 또한 포장에는 소비자들에게 즐길거리를 제공하기 위해 12간지 동물을 그려넣어 막걸리를 마시면서 재미있는 대화의 소재가 될수 있도록 하였다. 생소성주는 성인이라면 누구나 마음편하게 마실수 있도록 부담없는 가격으로 공급해야 한다는 마인드를 바탕으로 지속적인 연구와 개발을 끊임없이 하고 있다. 생 소성주는 숙성시간과 담금 횟수를 늘려 부드럽고 톡 쏘는 탄산의 상쾌한 청량감이 느껴지며, 특유의 감칠맛이 매력적이다. 효모가 살아 있어 천연 탄산의 청량감이 있는 생 막걸리인 소성주는 육류(삼겹살, 족발, 수육 등), 해산물, 각종 전음식과 가장 잘 어울립니다.",Incheon takju,https://res.cloudinary.com/dhwup3tvm/image/upload/v1749474573/Capture_d_%C3%A9cran_2025-06-02_191433_yapqj8.png,Gyeonggi-do Incheon,경기도 이천,N/A
144,2,2,3,4,인천탁주,37.5216997,126.7090394,5,"Purified water, rice (domestic), nuruk (contains wheat), puffed rice (domestic), oligosaccharides, yeast, aspartame (sweetener, contains phenylalanine), citric acid","Saengsoju Plus Makgeolli is made with domestic rice and premium yeast developed in collaboration with the Korean Food Research Institute. This premium makgeolli, known for its clean and smooth taste, has an alcohol content of 5% to cater to the preferences of women and young adults. The label features Incheon's iconic animals, the black-faced spoonbill and the harbor seal, along with the Incheon Bridge. Saengsoju Plus pairs well with grilled meats, stews, grilled fish, and various sashimi dishes.",https://sosungju.com/,No,No,인천 소성주 플러스,Incheon soseongju plus,"정제수, 쌀(국내산), 국(밀함유), 팽화미(국내산), 올리고당, 효모, 아스파탐(감미료, 페닐알라딘 함유), 구연산","소성주플러스 막걸리는 국내산 쌀로 만들어졌으며, <한국 식품 연구원 우리술 연구팀>과 공동개발한 국내산 전통 누룩의 우수효모로 만든 인천탁주에서 개발한 프리미엄 막걸리이다. 깨끗하고 부드러운 맛이 특징인 소성주플러스는 알코올 도수를 5%로 하여 여성들과 젊은층들이 선호하는 저도주 막걸리 시장의 특성을 잘 살린 막걸리이다. 또한, 소성주플러스라벨에는 인천을 대표하는 동물인 저어새와 물범과 함께 인천대교를 디자인하였다. 소성주플러스와 어울리는 안주는 삼겹살과 같은 육류음식, 전골음식, 생선구이, 각종 회음식과 가장 잘 어울립니다.",Incheon takju,https://res.cloudinary.com/dhwup3tvm/image/upload/v1749474570/Capture_d_%C3%A9cran_2025-06-02_191527_inygaz.png,Gyeonggi-do Incheon,경기도 이천,N/A
145,4,1,3,2,인천탁주,37.5216998,126.7090395,9,"Pink: rice (domestic) 36.28% contained, nuruk, yeast",Experience the rich sweetness and smooth finish of this chestnut-based makgeolli. It can be enjoyed like a dessert wine.,https://sosungju.com/,No,No,쌀은원래달다,Ssaleun wonlae dalda 9°,"핑크: 쌀(국내산) 36.28%함유, 국, 효모","“자연의 맛 그대로 소중한 분과 함께 할 수 있는 막걸리”인 쌀은 원래 달다(쌀원달) 와 어울리는 음식은 회음식, 매운음식(홍어무침, 매운닭발, 매운족발 등), 튀김요리, 찌개음식, 각종샐러드와 잘 어울립니다. ""자연의 맛 그대로, 소중한 분과 함께하는 고품격 프리미엄 막걸리. 쌀은 원래 달다는 합성감미료를 전혀 사용하지 않고 오직 국내산 쌀로만 단맛을 구현한 프리미엄 막걸리입니다. 쌀은 원래 달다는 전통주인 이화주를 모티브로 하여 만든 맛과 풍미가 가득한 생막걸리입니다.",Incheon takju,https://res.cloudinary.com/dhwup3tvm/image/upload/v1749474568/Capture_d_%C3%A9cran_2025-06-02_191606_unwcoh.png,Gyeonggi-do Incheon,경기도 이천,N/A
146,4,1,3,2,인천탁주,37.5216999,126.7090396,12,"Green: rice (domestic) 47.4% contained, nuruk, yeast","""Ssal, a makgeolli that captures the natural sweetness of rice, pairs well with sashimi, spicy dishes (e.g., raw pollack, spicy chicken feet, spicy pork feet), fried foods, stews, and various salads. This premium makgeolli, inspired by the traditional Ihwaju, is made without any artificial sweeteners, using only domestic rice to achieve its natural sweetness. It offers a rich flavor and aroma, perfect for sharing with loved ones.""",https://sosungju.com/,No,No,쌀은원래달다,Ssaleun wonlae dalda 12°,"그린: 쌀(국내산) 47.4%함유, 국, 효모","“자연의 맛 그대로 소중한 분과 함께 할 수 있는 막걸리”인 쌀은 원래 달다(쌀원달) 와 어울리는 음식은 회음식, 매운음식(홍어무침, 매운닭발, 매운족발 등), 튀김요리, 찌개음식, 각종샐러드와 잘 어울립니다. ""자연의 맛 그대로, 소중한 분과 함께하는 고품격 프리미엄 막걸리. 쌀은 원래 달다는 합성감미료를 전혀 사용하지 않고 오직 국내산 쌀로만 단맛을 구현한 프리미엄 막걸리입니다. 쌀은 원래 달다는 전통주인 이화주를 모티브로 하여 만든 맛과 풍미가 가득한 생막걸리입니다.",Incheon takju,https://res.cloudinary.com/dhwup3tvm/image/upload/v1749474567/Capture_d_%C3%A9cran_2025-06-02_191619_of31vz.png,Gyeonggi-do Incheon,경기도 이천,N/A
147,2,2,3,2,인천탁주,37.5217000,126.7090397,6,"Ingredients: purified water, rice (domestic), nuruk (contains wheat), yeast, starter culture (jongguk)","1938 Saengsoju is a ""NO SUGAR"" makgeolli made with only domestic rice, nuruk, and water. It is a healthy, low-alcohol makgeolli suitable for today's health-conscious drinking culture, with no artificial sweeteners. The brand name 1938 Saengsoju commemorates the founding year of Daewha Brewery, the predecessor of Incheon Soju, established in 1938.",https://sosungju.com/,No,No,1938 소성주,1938 soseongju,"원재료 : 정제수, 쌀(국내산), 국(밀함유), 효모, 종국","1938소성주는 감미료가 전혀들어가지 않은 ""NO SUGAR"" 막걸리 입니다. 오직 국내산 쌀과 누룩, 물로 만든 전통 막걸리입니다. 요즘 건강을 중요시 하는 음주 문화에 적합한 저도주, 합성감미료가 전혀 사용되지 않은 건강한 막걸리 1938소성주 브랜드 명은 인천탁주 전신인 인천지역 양조장 대화주조의 창립연도인 1938년을 기념하기 위해 만들어진 브랜드 명 입니다.",Incheon takju,N/A,Gyeonggi-do Incheon,경기도 이천,N/A
148,5,2,3,2,어릿광대양조장,37.547104,127.0441895,7.7,"Glutinous rice, nuruk, water, pineapple",The pineapple aroma and the apple finish are delightful. It pairs well with meats and fried foods.,https://www.instagram.com/weather_brewery/,Yes,No,파인애플,Pine apple,"찹쌀, 누룩,물,파인애플","파인애플향과 후미에 느껴지는 사과향이 좋아요. 육류, 튀김류와 어울림",Clown brewery,N/A,Seoul,서울특별시,N/A
149,5,3,2,2,어릿광대양조장,37.547105,127.045,6.6,"Glutinous rice, nuruk, water, passion fruit, lime",This makgeolli offers a tropical fruit aroma and a refreshing lime tartness. It's perfect for a low-alcohol cocktail with ice and soda.,https://www.instagram.com/weather_brewery/,Yes,No,스톡홀름신드롬,Stockholm Syndrome,"찹쌀, 누룩,물, 패션후르츠,라임","열대과일향, 라임의 새콤함이 매력적인 탁주 얼음과 탄산수를 넣어 저도수의 칵테일 추천",Clown brewery,N/A,Seoul,서울특별시,N/A
150,3,3,3,3,어릿광대양조장,37.548,127.0441897,6.5,"Glutinous rice, nuruk, water, lemon, ginger",Captures the vibrant spirit of Mulle-dong. Perfect for pairing with seafood and as an aperitif.,https://www.instagram.com/weather_brewery/,Yes,No,문래,MULLAE,"찹쌀, 누룩,물,레몬,생강","톡톡튀는 문래동의 느낌을 상징적으로 담아냄 해산물페어링, 식전주 추천",Clown brewery,N/A,Seoul,서울특별시,N/A
151,2,1,4,1,어릿광대양조장,37.548,127.045,7,"Glutinous rice, nuruk, water","Experience the pure rice aroma of this makgeolli, reminiscent of Pyongyang naengmyeon. It pairs well with simple Korean dishes.",https://www.instagram.com/weather_brewery/,No,No,제 5원소,The Fifth Element,"찹쌀, 누룩,물",평양냉면같은 막걸리 쌀향 그 자체를 느껴보세요. 담백한 한식과 페어링 추천,Clown brewery,N/A,Seoul,서울특별시,N/A
152,2,5,3,2,어릿광대양조장,37.546,127.0441899,10,"Glutinous rice, nuruk, water, lotus leaf, lemon",This makgeolli stands out with its strong acidity. It pairs well with spicy and seasoned dishes.,https://www.instagram.com/weather_brewery/,Yes,No,크라운크라운,Crown Crown,"찹쌀, 누룩,물,연잎, 레몬","한국에서 생산되는 막걸리중 강력한 산미가 인상적 향신료가 들어간 음식, 매운음식 과 페어링 추천",Clown brewery,N/A,Seoul,서울특별시,N/A
153,5,1,4,2,도갓집,34.79833,126.70000,13,Glutinous rice base,This chestnut-based makgeolli emphasizes acidity over sweetness. It offers a refreshing berry flavor and a nutty richness. Enjoy it according to your mood and preference.,https://www.instagram.com/do_god_jip/,No,No,희어라연,Heeora Yeon,찹쌀 베이스,찹쌀 베이스의 진한 단맛과 고급스러운 부드러운 목넘김을 느껴보세요. 디저트 와인처럼 드실 수 있습니다.,THE BREWEY DOGATJIP,https://res.cloudinary.com/dhwup3tvm/image/upload/v1749474557/Sans_titre_fv3xpv.png,Jeollanam-do,전라남도,N/A
154,3,4,3,1,도갓집,34.799,126.70001,16,"Glutinous rice base, nuruk",Experience the rich sweetness and smooth finish of this chestnut-based makgeolli. It can be enjoyed like a dessert wine.,https://www.instagram.com/do_god_jip/,No,No,희어라 진,Heeora Jin,"찹쌀 베이스, 누룩","찹쌀 베이스지만 단맛보다는 산미를 강조한 제품입니다. 베리류의 상큼함과 견과류 고소함을 같이 느낄 수 있습니다. 취향에 따라, 분위기에 따라 즐길 수 있는 전통주, 희어라",THE BREWEY DOGATJIP,https://res.cloudinary.com/dhwup3tvm/image/upload/v1749474557/Sans_titre_fv3xpv.png,Jeollanam-do,전라남도,N/A
155,5,1,4,2,도갓집,34.799,126.701,8,Glutinous rice base,This chestnut-based makgeolli emphasizes acidity over sweetness. It offers a refreshing berry flavor and a nutty richness. Enjoy it according to your mood and preference.,https://www.instagram.com/do_god_jip/,No,No,문득,In a Moment,찹쌀 베이스,찹쌀 베이스의 진한 단맛과 고급스러운 부드러운 목넘김을 느껴보세요. 디저트 와인처럼 드실 수 있습니다.,THE BREWEY DOGATJIP,https://res.cloudinary.com/dhwup3tvm/image/upload/v1749474557/moondul_ten7zl.png,Jeollanam-do,전라남도,N/A
156,3,4,3,1,도갓집,34.797,126.70003,N/A,Glutinous rice base,Experience the rich sweetness and smooth finish of this chestnut-based makgeolli. It can be enjoyed like a dessert wine.,https://www.instagram.com/do_god_jip/,No,No,무황과,muhwangwa,찹쌀 베이스,"찹쌀 베이스지만 단맛보다는 산미를 강조한 제품입니다. 베리류의 상큼함과 견과류 고소함을 같이 느낄 수 있습니다. 취향에 따라, 분위기에 따라 즐길 수 있는 전통주, 희어라",THE BREWEY DOGATJIP,https://res.cloudinary.com/dhwup3tvm/image/upload/v1749474557/muhwagwa_pdpa9w.png,Jeollanam-do,전라남도,N/A
157,5,1,4,2,도갓집,34.79837,126.701,6,Glutinous rice base,Experience the rich sweetness and smooth finish of this chestnut-based makgeolli. It can be enjoyed like a dessert wine.,https://www.instagram.com/do_god_jip/,No,No,도갓집 막걸리,dogatjib makgeolli,찹쌀 베이스,찹쌀 베이스의 진한 단맛과 고급스러운 부드러운 목넘김을 느껴보세요. 디저트 와인처럼 드실 수 있습니다.,THE BREWEY DOGATJIP,N/A,Jeollanam-do,전라남도,N/A
158,5,2,4,2,흑화양조,35.9872029,126.7100303,12,"Rice, koji (rice koji / inoculated rice), yeast, purified water, no sweeteners.","Scent: A vibrant floral aroma blends with the rich scent of ripe grapes, creating a luxurious and elegant experience. Taste: The sweet and smooth texture of fermented chestnuts greets you first, but the finish is sharp and refined, exuding the dignity of a noble ruler. How: Enjoy the first glass full and robust. The second glass, with ice, should be smooth and refreshing.",https://www.instagram.com/soolma_gunsan/,No,No,흑화양조 프리미엄 군주 막걸리,heukhwa brewery premium gunju makgeolli,"쌀, 입국, 효모, 정제수, 무감미료",Scent 화사한 꽃향과 잘 익은 청포도의 향이 어우러져 화려하면서도 우아합니다. Taste 달콤하고 부드러운 발효 찹쌀의 텍스처가 느껴지는 바디감이 먼저 다가오지만 뒷맛은 날카롭게 마무리되며 도도한 군주의 기품을 만들어 냅니다. How 첫 잔은 가득담아 묵직하게 드세요. 두 번째 잔은 얼음과 함께 부드럽게 드세요.,heukhwa brewery,https://res.cloudinary.com/dhwup3tvm/image/upload/v1749474560/dcfuyzrf_vnfyh8.png,Jeollabuk-do,전북 군산시,N/A
159,2,2,5,2,술별닷컴 - 과천도가,37.4519384,126.9932608,14,"Purified water, Gyeonggi rice (fresh harvest), nuruk, yeast","This premium makgeolli is rich and velvety, with a robust flavor. Made with pure water, Gyeonggi rice, and national yeast, it retains the vibrant essence of our traditional makgeolli.",https://soolbyeol.com/,No,No,경기백주,Gyeonggi Baekju,"정제수, 경기미 햅쌀, 국, 효모","물 타지 않아 진하고 걸쭉한 프리미엄 생막걸리 원주 유통기한 병입일로부터 90일원재료 정제수 경기미햅쌀 국 효모 풍부한 맛! 생명력 넘치는 우리술 원주(原酒)를 그대로 담아 술다운 막걸리, 막걸리다운 술!",Sool byeol,https://res.cloudinary.com/dhwup3tvm/image/upload/v1749474560/coloreful_rzvmnc.png,Gyeonggi-do,경기도 ,N/A
160,2,2,3,2,술별닷컴 - 과천도가,37.4525,126.9932609,6,"Purified water, Gyeonggi rice, nuruk, yeast","Moa Spatam is a premium rice makgeolli with a natural sweetness. Made with pure water, Gyeonggi rice, and national yeast, it captures the essence of nature's adventure and freedom. This pure and subtle makgeolli pairs well with any personality. Enjoy it with friends in a lively party atmosphere.",https://soolbyeol.com/,No,No,관악산생막걸리,Gwanaksan Raw Makgeolli,"정제수, 경기미 햅쌀, 국, 효모",무아스파탐 달지 않은 프리미엄 쌀막걸리 유통기한 병입일로부터 45일원재료 정제수 경기미햅쌀 국 효모 천혜의 자연에서 즐기는 모험과 자유를 큰 병에 한가득 담았습니다. 어떤 개성과도 어울리는 순수한 우리 쌀 막걸리 본연의 담백하고 은근한 맛을 살렸습니다. 친구들과 큰 잔에 벌컥벌컥 유쾌하게 들이키는 떠들썩한 파티의 술. 관악산생막걸리와 우정어린 축제를 열어보세요!,Sool byeol,https://res.cloudinary.com/dhwup3tvm/image/upload/v1749474561/naksansaengmakgeolli_gowr0a.png,Gyeonggi-do,경기도 ,N/A
161,3,2,3,2,술별닷컴 - 과천도가,37.4524,126.994,12,"Purified water, Gyeonggi rice, nuruk, yeast","Made with pure water, Gyeonggi rice, and national yeast, this makgeolli is aged for 150 days from the bottling date.",https://soolbyeol.com/,No,No,"맛있는 막걸리, 숲으로12","Delicious Makgeolli, Into the Forest 12","정제수, 경기미 햅쌀, 국, 효모",유통기한 병입일로부터 150일 원재료 정제수 경기미햅쌀 국 효모,Sool byeol,https://res.cloudinary.com/dhwup3tvm/image/upload/v1749474562/supeulo12_zlnhbf.png,Gyeonggi-do,경기도 ,N/A
162,3,2,3,2,술별닷컴 - 과천도가,37.4519387,126.994,7,N/A,"The makgeolli of white wine! Refreshing and invigorating, like a walk in a lush forest.",https://soolbyeol.com/,No,No,"맛있는 막걸리, 숲으로7","Delicious Makgeolli, Into the Forest 7",N/A,"막걸리계의 화이트와인! 싱그러운 숲에 안긴 듯, 상쾌한 막걸리",Sool byeol,https://res.cloudinary.com/dhwup3tvm/image/upload/v1749474562/supeulo12_zlnhbf.png,Gyeonggi-do,경기도 ,N/A
163,3,2,3,2,술별닷컴 - 과천도가,37.4519387,126.995,9,N/A,N/A,https://soolbyeol.com/,No,No,과천미주,Gwacheon Miju,N/A,N/A,Sool byeol,https://res.cloudinary.com/dhwup3tvm/image/upload/v1749474560/gwacheonmiju_o8liqd.png,Gyeonggi-do,경기도 ,N/A
164,4,3,4,2,인산농장,35.51944,127.72500,15,"Rice, nuruk, water","Takyeohyeon is a premium farmhouse liquor inspired by a line from Li Bai’s poem “Drinking Alone Under the Moon”, where cloudy alcohol is compared to a wise person. It enriches your table with a harmonious balance of deep sweetness and balanced acidity.",N/A,No,No,탁여현 15%,Tackyeohyeon premium nongju,"원료: 쌀, 누룩, 물",탁여현은 이백의 시 '월하독작' 중復道濁如賢탁주는 현인과 같다) 구절에 어울리는 프리미엄 농주로 원료의 묵직한 단맛과 적절한 산미가 어우러져 당신의 식탁을 더욱 풍요롭게 바꿔드립니다.,Insan farm,N/A,Gyeongsangnam-do,경남 함안,N/A
165,3,2,3,2,빛올양조연구소,35.272703738450446,128.40680073743613,6.5,"Rice, nuruk, yeast, water","Hello ^^ announcement: the “Nakhwaju” brand has been changed to “Hwabi.” Hwabi is a compound of “fire (火) + the Korean native word bi (rain),” symbolizing falling fire blossoms. More details on Instagram @shinybrewer. Thank you as always ^^",https://www.instagram.com/shinybrewer/,No,No,화비 탁주,Hwabi Takju (Hwabi cloudy rice wine),"쌀, 누룩, 효모, 물","안녕하세요^^ 공지 드립니다. ""낙화주"" 상표는 ""화비""로 변경 되었습니다! 화비는 ""火+ 순우리말 비"" 합성어로 낙화놀이를 형상화한 말입니다. 자세한 내용은 인스타에서 확인하실 수 있습니다. @shinybrewer 늘 감사합니다^^",Shiny brewer,N/A,Gyeongsangnam-do,경남 함안,N/A
166,3,2,3,2,빛올양조연구소,35.272703738450446,128.40680073743613,14.2,"Glutinous rice (Haman-gun, pesticide-free glutinous rice), Bitol yeast, Nuruk (contains wheat), Purified water","“Ilwol Samju – Ilju142” has been rebranded and re-released as “Ilwol Samju – Ilju.” Changes: brand name Ilju142 → Ilju, volume 350 ml → 375 ml, alcohol content 14.2%. Product details will be uploaded soon.",https://www.instagram.com/shinybrewer/,No,No,일월삼주 일주 막걸리,Ilwol Samju Ilju Makgeolli,"원재료 찹쌀(함안군 무농약 찹쌀), 빛올효모, 누룩(밀함유), 정제수","일월삼주-일주142가 일월삼주-일주로 상표 변경되어 재출시 되었습니다. ※변경사항 및 사양 상표변경: 일월삼주-일주142 -> 일월삼주-일주 용량: 350ml -> 375ml 알콜분: 14.2% 상세페이지는 곧 업로드됩니다. 상품정보 제품명: 일월삼주-일주 도수: 14.2% 용량: 375ml 보관유형: 냉장보관 유통기한: 3개월 일주142는 어떤 술인가요? 일주142와 어울리는 음식 누가 생산하나요? 빛올양조연구소 대표 김비성입니다. 미생물 실험에서 실험실과 손, 시료의 오염 등에서 발생하는 작은 실수는 큰 오차로 이어집니다. 빛올",Shiny brewer,https://res.cloudinary.com/dhwup3tvm/image/upload/v1749474566/Sans_titre2_gxg6fm.png,Gyeongsangnam-do,경남 함안,N/A
167,5,2,3,2,어떤하루 by녹동양조,34.52936988795488,127.13083065196234,8,"Aspartame,Goheung yuja (Korean citron), Domestic rice",N/A,https://www.instagram.com/eotteonharu_official/,Yes,No,고유막걸리  - 고흥유자막걸리,goyumakgeolli - goheun yuja makgeolli,"아스파탐, 고흥 유자, 국내산 쌀",N/A,Nokdong brewery,https://res.cloudinary.com/dhwup3tvm/image/upload/v1749474552/yuja_cr6vpj.png,Jeollanam-do goheun,전라남도 고흥군,N/A
168,3,2,3,2,어떤하루 by녹동양조,34.523,127.13083065196235,8,"Goheung rice (assumed), nuruk, yeast, water",N/A,https://www.instagram.com/eotteonharu_official/,No,No,고미막걸리 - 고흥 쌀 막걸리,gomi makgeolli,"고흥쌀 (추정), 누룩, 효모, 물",N/A,Nokdong brewery,https://res.cloudinary.com/dhwup3tvm/image/upload/v1749474552/goheung_rice_t8i6gx.png,Jeollanam-do goheun,전라남도 고흥군,N/A
169,5,3,3,2,어떤하루 by녹동양조,34.52936988795488,127.131,8,"Kiwi, Goheung rice, preservatives, artificial flavorings.",N/A,N/A,Yes,No,고흥키위주 08,goheun kiwi ,"키위, 고흥쌀, 방부제, 합성착향료",N/A,Nokdong brewery,N/A,Jeollanam-do goheun,전라남도 고흥군,N/A
170,5,3,2,2,Silo brewery,36.59339163254453,127.29960596447283,8,"Redhyang citrus, rice, nuruk, yeast","After washing the red fragrant apples from Geumnam-myeon, Sejong City, the peel and flesh are carefully cleaned and used to capture the aroma of red fragrant apples in makgeolli. You can feel the fragrant aroma of red fragrant apples along with the appropriate balance of sweetness and acidity, and if you drink it with your eyes closed, it has little alcohol and is easy to drink, to the point where it feels like orange juice.",silobrewery.co.kr,Yes,No,사일로 막걸리 레드향,Silo makgeolli red flavor,"레드향 (귤류), 쌀, 누룩, 효모","세종시 금남면의 레드향을 세척 후 껍질과 과육을 잘 손질하고 사용하여 레드향의 향을 막걸리에 그대로 담았습니다. 당도와 산도의 적절한 균형과 함께 레드향의 향긋한 향을 느낄 수 있고, 눈을 감고 마시면 오렌지 주스로 느껴질 정도로 알콜감이 적고 마시기 편합니다.",N/A,https://res.cloudinary.com/dhwup3tvm/image/upload/v1749474553/%EC%9B%B9%EC%82%AC%EC%9D%B4%ED%8A%B8%EC%8D%B8%EB%84%A4%EC%9D%BC-1024x1536_vzpazj.png,Sejong,세종시,N/A
171,4,3,3,2,Silo brewery,36.594,127.29960596447284,10,"Rice, nuruk, yeast","Silo Makgeolli is a Samyangju that has gone through a three-stage fermentation process. Through five delicate temperature changes, the sweetness and acidity of stone fruits such as peaches and plums were created, and through Silo’s unique fermentation technology and two filtrations, spoilage was minimized and any impurities that could come from the liquor were reduced to maximize drinkability.",silobrewery.co.kr,No,No,사일로 막걸리,Silo makgeolli,"쌀, 누룩, 효모","사일로 막걸리는 3번의 담금 과정을 거친 삼양주입니다. 5번의 섬세한 온도 변화를 통해 복숭아, 자두 같은 핵과류의 단맛과 산미를 만들었고 사일로만의 발효기술과 2번의 여과를 통해 변질을 최소화하고 술에서 날 수 있는 잡내를 줄여 음용성을 극대화했습니다.",N/A,https://res.cloudinary.com/dhwup3tvm/image/upload/v1749474556/%E1%84%87%E1%85%A9%E1%84%8C%E1%85%A5%E1%86%BC%E1%84%8B%E1%85%AA%E1%86%AB%E1%84%85%E1%85%AD-%E1%84%82%E1%85%AE%E1%84%81%E1%85%B5%E1%84%8B%E1%85%AA%E1%86%AB%E1%84%85%E1%85%AD-1-1024x1536_bzdvhi.png,Sejong,세종시,N/A
172,3,3,3,2,Silo brewery,36.595,127.29960596447285,6,"Rice, nuruk, yeast","Focusing on drinkability, this is a low-alcohol makgeolli with moderate sweetness, refreshing acidity, and a clean finish. It pairs well with any food, but it is also good to pair with oily foods, seafood, and noodles, and is also good to drink on its own without any side dishes.",silobrewery.co.kr,No,No,사일로 6,Silo 6,"쌀, 누룩, 효모","음용성에 집중하여 적당한 당도와 산뜻한 산미, 깔끔하게 마실 수 있는 저도수의 막걸리입니다. 어떠한 음식과도 페어링이 좋지만 기름진 음식, 해산물, 전류 등과 페어링 하기 좋고 안주 없이 그냥 드셔도 좋습니다.",N/A,https://res.cloudinary.com/dhwup3tvm/image/upload/v1749474552/Untitled-1-1024x1536_avrznc.png,Sejong,세종시,N/A
